Timestamp,r/s,rMB/s,r_await,rareq-sz,w/s,wMB/s,w_await,wareq-sz
2024-11-11 03:37:09.514 , 50.87 , 11.95 , 1.02 , 240.58 , 67.53 , 14.84 , 2.57 , 225.06
2024-11-11 03:37:09.514 , 0.00 , 0.00 , 0.00 , 0.00 , 37.00 , 0.59 , 0.46 , 16.32
2024-11-11 03:37:09.514 , 0.00 , 0.00 , 0.00 , 0.00 , 0.00 , 0.00 , 0.00 , 0.00
2024-11-11 03:37:09.514 , 0.00 , 0.00 , 0.00 , 0.00 , 0.00 , 0.00 , 0.00 , 0.00
2024-11-11 03:37:09.514 , 0.00 , 0.00 , 0.00 , 0.00 , 0.00 , 0.00 , 0.00 , 0.00
2024-11-11 03:37:09.514 , 0.00 , 0.00 , 0.00 , 0.00 , 1.00 , 0.00 , 1.00 , 4.00
2024-11-11 03:37:09.514 , 0.00 , 0.00 , 0.00 , 0.00 , 2.00 , 0.06 , 1.00 , 32.00
2024-11-11 03:37:09.514 , 0.00 , 0.00 , 0.00 , 0.00 , 0.00 , 0.00 , 0.00 , 0.00
2024-11-11 03:37:09.514 , 0.00 , 0.00 , 0.00 , 0.00 , 0.00 , 0.00 , 0.00 , 0.00
2024-11-11 03:37:09.514 , 0.00 , 0.00 , 0.00 , 0.00 , 0.00 , 0.00 , 0.00 , 0.00
2024-11-11 03:37:09.514 , 0.00 , 0.00 , 0.00 , 0.00 , 36.00 , 0.15 , 0.69 , 4.22
2024-11-11 03:37:09.514 , 0.00 , 0.00 , 0.00 , 0.00 , 2.00 , 0.03 , 0.50 , 14.00
2024-11-11 03:37:09.514 , 4.00 , 0.11 , 1.25 , 27.38 , 496.00 , 119.80 , 2.01 , 247.32
2024-11-11 03:37:09.514 , 338.00 , 75.61 , 0.72 , 229.06 , 986.00 , 223.78 , 2.01 , 232.40
2024-11-11 03:37:09.514 , 622.00 , 141.06 , 0.73 , 232.23 , 1294.00 , 282.43 , 3.15 , 223.50
2024-11-11 03:37:09.514 , 348.00 , 74.98 , 0.80 , 220.63 , 1528.00 , 282.50 , 3.46 , 189.32
2024-11-11 03:37:09.514 , 682.00 , 149.62 , 0.71 , 224.65 , 1293.00 , 277.93 , 3.01 , 220.11
2024-11-11 03:37:09.514 , 855.00 , 189.21 , 0.72 , 226.61 , 1225.00 , 253.32 , 2.41 , 211.76
2024-11-11 03:37:09.514 , 948.00 , 206.21 , 0.74 , 222.74 , 1267.00 , 273.48 , 2.28 , 221.03
2024-11-11 03:37:09.514 , 659.00 , 145.03 , 0.76 , 225.35 , 1240.00 , 267.84 , 3.04 , 221.18
2024-11-11 03:37:09.514 , 70.00 , 13.38 , 0.61 , 195.69 , 359.00 , 80.81 , 1.95 , 230.51
2024-11-11 03:37:09.514 , 0.00 , 0.00 , 0.00 , 0.00 , 8.00 , 2.00 , 2.38 , 256.00
2024-11-11 03:37:09.514 , 2.00 , 0.06 , 1.50 , 28.75 , 376.00 , 91.94 , 2.02 , 250.38
2024-11-11 03:37:09.514 , 158.00 , 33.93 , 0.84 , 219.92 , 541.00 , 123.93 , 1.96 , 234.57
2024-11-11 03:37:09.514 , 1126.00 , 248.50 , 0.72 , 225.99 , 1233.00 , 248.62 , 1.64 , 206.48
2024-11-11 03:37:09.514 , 958.00 , 211.28 , 0.65 , 225.84 , 1297.00 , 276.01 , 2.18 , 217.92
2024-11-11 03:37:09.514 , 1070.00 , 233.62 , 0.67 , 223.58 , 1300.00 , 269.59 , 1.84 , 212.36
2024-11-11 03:37:09.514 , 541.00 , 116.76 , 0.76 , 221.00 , 1243.00 , 270.57 , 3.40 , 222.90
2024-11-11 03:37:09.514 , 899.00 , 195.92 , 0.69 , 223.17 , 1274.00 , 259.84 , 2.12 , 208.85
2024-11-11 03:37:09.514 , 935.00 , 203.90 , 0.70 , 223.30 , 1051.00 , 205.69 , 1.74 , 200.41
2024-11-11 03:37:09.514 , 579.00 , 127.18 , 0.68 , 224.93 , 1045.00 , 227.89 , 2.16 , 223.31
2024-11-11 03:37:09.514 , 943.00 , 208.02 , 0.69 , 225.88 , 1275.00 , 262.47 , 2.16 , 210.80
2024-11-11 03:37:09.514 , 961.00 , 209.36 , 0.67 , 223.08 , 1201.00 , 240.65 , 2.05 , 205.18
2024-11-11 03:37:09.514 , 927.00 , 204.36 , 0.68 , 225.75 , 1303.00 , 266.89 , 2.15 , 209.74
2024-11-11 03:37:09.514 , 936.00 , 207.06 , 0.69 , 226.53 , 1298.00 , 259.35 , 2.07 , 204.60
2024-11-11 03:37:09.514 , 447.00 , 97.17 , 0.75 , 222.60 , 994.00 , 237.16 , 4.07 , 244.32
2024-11-11 03:37:09.514 , 2.00 , 0.06 , 0.50 , 28.75 , 260.00 , 63.00 , 2.08 , 248.12
2024-11-11 03:37:09.514 , 1001.00 , 219.98 , 0.80 , 225.03 , 1087.00 , 215.32 , 1.80 , 202.84
2024-11-11 03:37:09.514 , 750.00 , 165.91 , 0.65 , 226.52 , 1315.00 , 282.90 , 2.81 , 220.30
2024-11-11 03:37:09.514 , 1011.00 , 221.63 , 0.66 , 224.48 , 1194.00 , 233.93 , 1.82 , 200.62
2024-11-11 03:37:09.514 , 924.00 , 203.06 , 0.70 , 225.03 , 1339.00 , 266.03 , 2.22 , 203.44
2024-11-11 03:37:09.514 , 937.00 , 206.93 , 0.72 , 226.15 , 1310.00 , 268.51 , 2.13 , 209.89
2024-11-11 03:37:09.514 , 278.00 , 59.76 , 0.70 , 220.12 , 689.00 , 152.72 , 2.09 , 226.97
2024-11-11 03:37:09.514 , 804.00 , 176.79 , 0.71 , 225.17 , 1307.00 , 272.65 , 2.55 , 213.62
2024-11-11 03:37:09.514 , 1064.00 , 234.31 , 0.70 , 225.50 , 1184.00 , 233.57 , 1.71 , 202.01
2024-11-11 03:37:09.514 , 937.00 , 205.66 , 0.68 , 224.75 , 1296.00 , 267.11 , 2.13 , 211.05
2024-11-11 03:37:09.514 , 840.00 , 181.97 , 0.68 , 221.83 , 1364.00 , 265.18 , 2.30 , 199.08
2024-11-11 03:37:09.514 , 893.00 , 197.91 , 0.70 , 226.95 , 1170.00 , 238.80 , 2.23 , 209.00
2024-11-11 03:37:09.514 , 931.00 , 204.77 , 0.65 , 225.22 , 1302.00 , 267.64 , 2.19 , 210.50
2024-11-11 03:37:09.514 , 1164.00 , 253.24 , 0.72 , 222.78 , 1252.00 , 288.75 , 1.87 , 236.17
2024-11-11 03:37:09.514 , 863.00 , 188.05 , 0.76 , 223.13 , 1162.00 , 282.86 , 3.59 , 249.27
2024-11-11 03:37:09.514 , 689.00 , 149.41 , 0.73 , 222.06 , 1245.00 , 277.57 , 3.36 , 228.30
2024-11-11 03:37:09.514 , 1047.00 , 228.42 , 0.68 , 223.40 , 1165.00 , 228.64 , 1.83 , 200.97
2024-11-11 03:37:09.514 , 923.00 , 201.87 , 0.72 , 223.96 , 1276.00 , 261.85 , 2.22 , 210.13
2024-11-11 03:37:09.514 , 841.00 , 183.77 , 0.66 , 223.75 , 1316.00 , 277.73 , 2.48 , 216.11
2024-11-11 03:37:09.514 , 990.00 , 216.05 , 0.66 , 223.47 , 1213.00 , 249.03 , 2.18 , 210.23
2024-11-11 03:37:09.514 , 937.00 , 205.27 , 0.76 , 224.32 , 1250.00 , 267.81 , 2.23 , 219.39
2024-11-11 03:37:09.514 , 1082.00 , 239.30 , 0.70 , 226.47 , 1154.00 , 241.40 , 1.82 , 214.20
2024-11-11 03:37:09.514 , 673.00 , 147.00 , 0.71 , 223.66 , 1320.00 , 297.80 , 3.31 , 231.02
2024-11-11 03:37:09.514 , 833.00 , 182.59 , 0.71 , 224.46 , 1275.00 , 269.79 , 2.71 , 216.68
2024-11-11 03:37:09.514 , 1052.00 , 232.64 , 0.64 , 226.45 , 1235.00 , 243.94 , 1.77 , 202.26
2024-11-11 03:37:09.514 , 723.00 , 158.94 , 0.67 , 225.11 , 1343.00 , 288.77 , 2.76 , 220.18
2024-11-11 03:37:09.514 , 557.00 , 119.11 , 0.80 , 218.97 , 1302.00 , 289.13 , 3.28 , 227.40
2024-11-11 03:37:09.514 , 463.00 , 101.41 , 0.75 , 224.29 , 1265.00 , 282.74 , 3.65 , 228.87
2024-11-11 03:37:09.514 , 686.00 , 154.52 , 0.76 , 230.65 , 1219.00 , 282.80 , 3.69 , 237.56
2024-11-11 03:37:09.514 , 584.00 , 134.99 , 0.71 , 236.70 , 1211.00 , 279.50 , 3.93 , 236.34
2024-11-11 03:37:09.514 , 516.00 , 115.72 , 0.69 , 229.65 , 1275.00 , 285.93 , 3.62 , 229.64
2024-11-11 03:37:09.514 , 592.00 , 132.33 , 0.67 , 228.89 , 1256.00 , 274.15 , 3.24 , 223.51
2024-11-11 03:37:09.514 , 883.00 , 198.96 , 0.71 , 230.73 , 1276.00 , 264.02 , 2.21 , 211.88
2024-11-11 03:37:09.514 , 976.00 , 220.21 , 0.71 , 231.04 , 1130.00 , 223.38 , 1.78 , 202.42
2024-11-11 03:37:09.514 , 738.00 , 166.37 , 0.73 , 230.85 , 1351.00 , 287.57 , 2.98 , 217.97
2024-11-11 03:37:09.514 , 879.00 , 204.62 , 0.73 , 238.38 , 1290.00 , 266.35 , 2.14 , 211.43
2024-11-11 03:37:09.514 , 1013.00 , 228.05 , 0.71 , 230.53 , 1141.00 , 225.70 , 1.76 , 202.56
2024-11-11 03:37:09.514 , 851.00 , 191.02 , 0.74 , 229.86 , 1251.00 , 258.95 , 2.24 , 211.97
2024-11-11 03:37:09.514 , 677.00 , 153.74 , 0.77 , 232.54 , 1311.00 , 283.25 , 2.80 , 221.24
2024-11-11 03:37:09.514 , 851.00 , 191.52 , 0.71 , 230.45 , 1220.00 , 251.39 , 2.30 , 211.00
2024-11-11 03:37:09.514 , 896.00 , 202.19 , 0.72 , 231.07 , 1274.00 , 262.67 , 2.17 , 211.13
2024-11-11 03:37:09.514 , 1024.00 , 231.15 , 0.67 , 231.15 , 1289.00 , 232.63 , 1.63 , 184.80
2024-11-11 03:37:09.514 , 698.00 , 150.00 , 0.82 , 220.06 , 1307.00 , 280.72 , 2.75 , 219.94
2024-11-11 03:37:09.514 , 967.00 , 217.52 , 0.87 , 230.34 , 1248.00 , 253.79 , 1.85 , 208.24
2024-11-11 03:37:09.514 , 1014.00 , 224.22 , 0.81 , 226.43 , 1179.00 , 248.23 , 1.96 , 215.59
2024-11-11 03:37:09.514 , 1026.00 , 228.35 , 0.71 , 227.91 , 1191.00 , 291.48 , 2.70 , 250.61
2024-11-11 03:37:09.514 , 744.00 , 166.82 , 0.77 , 229.60 , 1167.00 , 287.19 , 3.96 , 252.00
2024-11-11 03:37:09.514 , 918.00 , 200.88 , 0.80 , 224.07 , 1132.00 , 272.02 , 3.18 , 246.07
2024-11-11 03:37:09.514 , 1079.00 , 241.10 , 0.81 , 228.81 , 1162.00 , 282.23 , 2.38 , 248.71
2024-11-11 03:37:09.514 , 1025.00 , 227.19 , 0.69 , 226.96 , 1265.00 , 245.27 , 1.93 , 198.54
2024-11-11 03:37:09.514 , 716.00 , 159.85 , 0.67 , 228.61 , 1321.00 , 284.71 , 2.80 , 220.70
2024-11-11 03:37:09.514 , 1093.00 , 244.74 , 0.65 , 229.29 , 1228.00 , 244.48 , 1.64 , 203.87
2024-11-11 03:37:09.514 , 926.00 , 207.17 , 0.68 , 229.10 , 1313.00 , 271.01 , 2.13 , 211.36
2024-11-11 03:37:09.514 , 925.00 , 206.54 , 0.70 , 228.65 , 1311.00 , 270.15 , 2.11 , 211.01
2024-11-11 03:37:09.514 , 665.00 , 148.11 , 0.73 , 228.07 , 1276.00 , 275.79 , 3.00 , 221.32
2024-11-11 03:37:09.514 , 949.00 , 212.22 , 0.68 , 228.99 , 1312.00 , 271.83 , 2.14 , 212.16
2024-11-11 03:37:09.514 , 1046.00 , 234.20 , 0.71 , 229.28 , 1233.00 , 244.87 , 1.65 , 203.37
2024-11-11 03:37:09.514 , 914.85 , 203.84 , 0.68 , 228.16 , 1273.27 , 261.65 , 2.09 , 210.43
2024-11-11 03:37:09.514 , 795.00 , 169.20 , 0.82 , 217.94 , 1380.00 , 294.98 , 2.49 , 218.88
2024-11-11 03:37:09.514 , 1030.00 , 225.62 , 0.83 , 224.31 , 1174.00 , 226.63 , 1.73 , 197.68
2024-11-11 03:37:09.514 , 913.00 , 201.40 , 0.90 , 225.89 , 1287.00 , 264.27 , 2.17 , 210.27
2024-11-11 03:37:09.514 , 1003.00 , 220.19 , 0.83 , 224.80 , 1282.00 , 257.61 , 1.82 , 205.77
2024-11-11 03:37:09.514 , 527.00 , 116.40 , 0.86 , 226.18 , 1228.00 , 269.65 , 3.53 , 224.85
2024-11-11 03:37:09.514 , 920.00 , 203.48 , 0.73 , 226.48 , 1297.00 , 262.13 , 2.16 , 206.95
2024-11-11 03:37:09.514 , 1236.00 , 276.33 , 0.74 , 228.94 , 1121.00 , 277.80 , 1.84 , 253.77
2024-11-11 03:37:09.514 , 966.00 , 218.46 , 0.76 , 231.57 , 1120.00 , 268.86 , 2.92 , 245.82
2024-11-11 03:37:09.514 , 776.00 , 177.56 , 0.71 , 234.31 , 1366.00 , 290.64 , 2.49 , 217.88
2024-11-11 03:37:09.514 , 1022.00 , 227.22 , 0.68 , 227.66 , 1210.00 , 241.77 , 1.87 , 204.60
2024-11-11 03:37:09.514 , 909.00 , 204.37 , 0.69 , 230.23 , 1286.00 , 266.43 , 2.16 , 212.15
2024-11-11 03:37:09.514 , 988.00 , 221.44 , 0.70 , 229.51 , 1221.00 , 245.26 , 1.75 , 205.69
2024-11-11 03:37:09.514 , 538.00 , 119.12 , 0.76 , 226.73 , 1282.00 , 284.90 , 3.45 , 227.56
2024-11-11 03:37:09.514 , 840.00 , 187.71 , 0.74 , 228.82 , 1354.00 , 257.54 , 2.27 , 194.77
2024-11-11 03:37:09.514 , 1027.00 , 229.42 , 0.72 , 228.75 , 1157.00 , 228.74 , 1.73 , 202.44
2024-11-11 03:37:09.514 , 880.00 , 196.62 , 0.70 , 228.80 , 1347.00 , 283.62 , 2.25 , 215.61
2024-11-11 03:37:09.514 , 930.00 , 207.08 , 0.68 , 228.01 , 1208.00 , 247.08 , 2.13 , 209.45
2024-11-11 03:37:09.514 , 674.00 , 149.90 , 0.78 , 227.74 , 1371.00 , 298.43 , 2.79 , 222.90
2024-11-11 03:37:09.514 , 618.00 , 137.08 , 0.76 , 227.14 , 1285.00 , 282.71 , 3.17 , 225.29
2024-11-11 03:37:09.514 , 570.00 , 125.54 , 0.75 , 225.53 , 1295.00 , 282.14 , 3.15 , 223.09
2024-11-11 03:37:09.514 , 427.00 , 88.67 , 0.77 , 212.63 , 1285.00 , 282.41 , 3.68 , 225.05
2024-11-11 03:37:09.514 , 466.00 , 103.19 , 0.88 , 226.75 , 1259.00 , 281.93 , 3.75 , 229.30
2024-11-11 03:37:09.514 , 621.00 , 135.35 , 0.81 , 223.19 , 1302.00 , 283.61 , 3.10 , 223.05
2024-11-11 03:37:09.514 , 819.00 , 180.71 , 0.82 , 225.94 , 1258.00 , 264.87 , 2.42 , 215.60
2024-11-11 03:37:09.514 , 932.00 , 206.16 , 0.95 , 226.51 , 1134.00 , 267.45 , 2.85 , 241.50
2024-11-11 03:37:09.514 , 911.00 , 215.97 , 0.76 , 242.76 , 1209.00 , 264.38 , 2.13 , 223.92
2024-11-11 03:37:09.514 , 901.00 , 216.58 , 0.74 , 246.15 , 1164.00 , 232.40 , 1.92 , 204.45
2024-11-11 03:37:09.514 , 741.00 , 179.66 , 0.78 , 248.27 , 1266.00 , 282.94 , 2.97 , 228.86
2024-11-11 03:37:09.514 , 780.00 , 187.40 , 0.78 , 246.02 , 1124.00 , 274.79 , 3.65 , 250.34
2024-11-11 03:37:09.514 , 869.00 , 208.52 , 0.76 , 245.71 , 1197.00 , 267.72 , 2.42 , 229.03
2024-11-11 03:37:09.514 , 892.00 , 216.35 , 0.74 , 248.36 , 1237.00 , 273.04 , 2.37 , 226.02
2024-11-11 03:37:09.514 , 864.00 , 209.31 , 0.78 , 248.07 , 1193.00 , 278.11 , 2.59 , 238.71
2024-11-11 03:37:09.514 , 818.00 , 196.25 , 0.75 , 245.67 , 1303.00 , 268.56 , 2.14 , 211.05
2024-11-11 03:37:09.514 , 958.00 , 233.12 , 0.74 , 249.18 , 1198.00 , 238.20 , 1.64 , 203.60
2024-11-11 03:37:09.514 , 875.00 , 211.91 , 0.76 , 248.00 , 1269.00 , 267.35 , 2.14 , 215.74
2024-11-11 03:37:09.514 , 848.00 , 205.47 , 0.78 , 248.11 , 1245.00 , 273.38 , 2.54 , 224.85
2024-11-11 03:37:09.514 , 669.00 , 161.83 , 0.83 , 247.71 , 1139.00 , 279.10 , 4.16 , 250.92
2024-11-11 03:37:09.514 , 875.00 , 211.91 , 0.80 , 247.99 , 1220.00 , 277.43 , 2.74 , 232.86
2024-11-11 03:37:09.514 , 939.00 , 228.12 , 0.83 , 248.77 , 1143.00 , 255.94 , 1.95 , 229.29
2024-11-11 03:37:09.514 , 806.00 , 193.82 , 0.80 , 246.24 , 1218.00 , 283.07 , 2.88 , 237.98
2024-11-11 03:37:09.514 , 876.00 , 211.49 , 0.78 , 247.23 , 1287.00 , 276.94 , 2.52 , 220.35
2024-11-11 03:37:09.514 , 929.00 , 207.34 , 0.84 , 228.54 , 1030.00 , 226.83 , 1.89 , 225.51
2024-11-11 03:37:09.514 , 1023.00 , 229.43 , 0.95 , 229.65 , 1152.00 , 283.66 , 2.72 , 252.14
2024-11-11 03:37:09.514 , 890.00 , 201.44 , 1.01 , 231.77 , 1136.00 , 277.73 , 2.83 , 250.35
2024-11-11 03:37:09.514 , 715.00 , 160.39 , 1.00 , 229.71 , 1256.00 , 279.18 , 4.14 , 227.61
2024-11-11 03:37:09.514 , 994.00 , 223.47 , 1.01 , 230.22 , 1150.00 , 283.22 , 2.70 , 252.19
2024-11-11 03:37:09.514 , 1118.00 , 250.52 , 0.99 , 229.46 , 1025.00 , 239.53 , 1.83 , 239.30
2024-11-11 03:37:09.514 , 687.00 , 156.94 , 0.71 , 233.93 , 1342.00 , 289.01 , 2.70 , 220.52
2024-11-11 03:37:09.514 , 891.00 , 204.48 , 0.71 , 235.00 , 1287.00 , 265.89 , 2.00 , 211.56
2024-11-11 03:37:09.514 , 993.00 , 228.35 , 0.72 , 235.48 , 1184.00 , 233.98 , 1.73 , 202.36
2024-11-11 03:37:09.514 , 863.00 , 198.57 , 0.74 , 235.61 , 1265.00 , 261.64 , 2.18 , 211.79
2024-11-11 03:37:09.514 , 799.00 , 183.67 , 0.81 , 235.39 , 1254.00 , 278.50 , 2.89 , 227.42
2024-11-11 03:37:09.514 , 707.00 , 163.14 , 0.90 , 236.29 , 1110.00 , 269.00 , 4.01 , 248.16
2024-11-11 03:37:09.514 , 868.00 , 209.96 , 0.96 , 247.70 , 1129.00 , 266.65 , 2.62 , 241.85
2024-11-11 03:37:09.514 , 1019.00 , 232.70 , 0.83 , 233.84 , 1092.00 , 237.30 , 1.99 , 222.53
2024-11-11 03:37:09.514 , 729.00 , 171.97 , 0.91 , 241.56 , 1243.00 , 283.61 , 3.30 , 233.64
2024-11-11 03:37:09.514 , 963.00 , 227.13 , 0.95 , 241.51 , 1122.00 , 249.45 , 2.08 , 227.66
2024-11-11 03:37:09.514 , 798.00 , 183.49 , 0.89 , 235.46 , 1161.00 , 240.11 , 2.27 , 211.78
2024-11-11 03:37:09.514 , 862.00 , 210.49 , 1.06 , 250.05 , 1117.00 , 272.58 , 2.74 , 249.89
2024-11-11 03:37:09.514 , 786.00 , 191.72 , 0.88 , 249.78 , 1165.00 , 286.42 , 3.42 , 251.75
2024-11-11 03:37:09.514 , 705.00 , 171.38 , 0.93 , 248.93 , 1165.00 , 265.48 , 3.44 , 233.35
2024-11-11 03:37:09.514 , 1105.00 , 248.88 , 0.76 , 230.63 , 1167.00 , 271.61 , 1.99 , 238.32
2024-11-11 03:37:09.514 , 1073.00 , 241.67 , 0.67 , 230.64 , 1114.00 , 270.61 , 2.57 , 248.74
2024-11-11 03:37:09.514 , 809.00 , 181.66 , 0.76 , 229.94 , 1191.00 , 292.57 , 3.44 , 251.55
2024-11-11 03:37:09.514 , 1080.00 , 242.18 , 0.78 , 229.62 , 1079.00 , 262.20 , 2.38 , 248.83
2024-11-11 03:37:09.514 , 979.00 , 220.12 , 0.76 , 230.24 , 1160.00 , 283.88 , 2.83 , 250.60
2024-11-11 03:37:09.514 , 1021.00 , 230.44 , 0.78 , 231.11 , 1162.00 , 275.42 , 2.46 , 242.71
2024-11-11 03:37:09.514 , 712.00 , 153.14 , 0.85 , 220.24 , 1170.00 , 283.07 , 3.95 , 247.75
2024-11-11 03:37:09.514 , 620.00 , 143.69 , 0.87 , 237.32 , 1155.00 , 282.63 , 4.43 , 250.57
2024-11-11 03:37:09.514 , 581.00 , 139.13 , 0.90 , 245.21 , 1149.00 , 284.30 , 4.52 , 253.37
2024-11-11 03:37:09.514 , 601.00 , 142.58 , 0.93 , 242.92 , 1159.00 , 283.62 , 4.38 , 250.58
2024-11-11 03:37:09.514 , 582.00 , 138.04 , 0.91 , 242.88 , 1149.00 , 283.11 , 4.52 , 252.31
2024-11-11 03:37:09.514 , 630.00 , 145.30 , 0.87 , 236.17 , 1149.00 , 283.39 , 4.40 , 252.56
2024-11-11 03:37:09.514 , 570.00 , 131.06 , 0.93 , 235.45 , 1175.00 , 283.33 , 4.25 , 246.92
2024-11-11 03:37:09.514 , 761.00 , 178.80 , 0.87 , 240.59 , 1215.00 , 261.33 , 3.09 , 220.25
2024-11-11 03:37:09.514 , 1022.00 , 225.56 , 0.74 , 226.00 , 1326.00 , 284.99 , 2.58 , 220.09
2024-11-11 03:37:09.514 , 1031.00 , 229.53 , 0.78 , 227.97 , 1139.00 , 281.23 , 2.62 , 252.84
2024-11-11 03:37:09.514 , 1105.00 , 245.77 , 0.75 , 227.75 , 1051.00 , 257.92 , 2.38 , 251.29
2024-11-11 03:37:09.514 , 833.00 , 184.63 , 0.75 , 226.97 , 1218.00 , 298.04 , 3.62 , 250.57
2024-11-11 03:37:09.514 , 1080.00 , 240.30 , 0.77 , 227.84 , 1121.00 , 274.82 , 2.28 , 251.04
2024-11-11 03:37:09.514 , 760.00 , 167.19 , 0.78 , 225.27 , 1126.00 , 274.18 , 3.83 , 249.35
2024-11-11 03:37:09.514 , 1047.00 , 231.36 , 0.72 , 226.27 , 1171.00 , 289.58 , 2.83 , 253.23
2024-11-11 03:37:09.514 , 932.00 , 207.50 , 0.76 , 227.98 , 1145.00 , 271.14 , 3.10 , 242.48
2024-11-11 03:37:09.514 , 1015.00 , 225.21 , 0.75 , 227.21 , 1165.00 , 286.46 , 2.82 , 251.79
2024-11-11 03:37:09.514 , 1163.00 , 258.23 , 0.74 , 227.37 , 1158.00 , 285.49 , 2.07 , 252.45
2024-11-11 03:37:09.514 , 921.00 , 200.59 , 0.79 , 223.03 , 1017.00 , 247.46 , 2.94 , 249.16
2024-11-11 03:37:09.514 , 704.00 , 171.28 , 1.00 , 249.14 , 1226.00 , 297.50 , 3.60 , 248.49
2024-11-11 03:37:09.514 , 961.00 , 222.86 , 0.87 , 237.47 , 1184.00 , 260.27 , 2.06 , 225.10
2024-11-11 03:37:09.514 , 767.00 , 170.41 , 0.74 , 227.51 , 1215.00 , 254.38 , 2.58 , 214.39
2024-11-11 03:37:09.514 , 966.00 , 215.59 , 0.73 , 228.54 , 1256.00 , 257.93 , 1.93 , 210.29
2024-11-11 03:37:09.514 , 759.00 , 169.43 , 0.72 , 228.59 , 1218.00 , 255.78 , 2.64 , 215.04
2024-11-11 03:37:09.514 , 928.00 , 206.80 , 0.69 , 228.19 , 1302.00 , 269.05 , 2.11 , 211.60
2024-11-11 03:37:09.514 , 1002.00 , 224.73 , 0.75 , 229.66 , 1140.00 , 224.96 , 1.68 , 202.07
2024-11-11 03:37:09.514 , 945.00 , 215.78 , 0.83 , 233.81 , 1182.00 , 278.05 , 2.42 , 240.89
2024-11-11 03:37:09.514 , 785.00 , 188.08 , 0.96 , 245.34 , 1214.00 , 299.08 , 3.34 , 252.27
2024-11-11 03:37:09.514 , 1004.00 , 230.14 , 0.95 , 234.72 , 1177.00 , 282.89 , 2.60 , 246.12
2024-11-11 03:37:09.514 , 938.00 , 206.97 , 0.73 , 225.95 , 1136.00 , 278.04 , 3.19 , 250.62
2024-11-11 03:37:09.514 , 1145.00 , 252.71 , 0.73 , 226.00 , 1113.00 , 265.57 , 2.00 , 244.34
2024-11-11 03:37:09.514 , 789.00 , 176.19 , 0.73 , 228.67 , 1219.00 , 298.11 , 3.86 , 250.42
2024-11-11 03:37:09.514 , 1024.00 , 227.12 , 0.75 , 227.12 , 1157.00 , 287.01 , 2.78 , 254.02
2024-11-11 03:37:09.514 , 1193.00 , 265.12 , 0.73 , 227.56 , 1094.00 , 268.43 , 1.95 , 251.26
2024-11-11 03:37:09.514 , 1035.00 , 230.70 , 0.73 , 228.25 , 1203.00 , 295.20 , 2.72 , 251.28
2024-11-11 03:37:09.514 , 940.00 , 208.82 , 0.76 , 227.48 , 1162.00 , 286.62 , 3.10 , 252.59
2024-11-11 03:37:09.514 , 827.00 , 183.18 , 0.74 , 226.82 , 1150.00 , 283.04 , 3.64 , 252.02
2024-11-11 03:37:09.514 , 950.00 , 210.70 , 0.74 , 227.11 , 1156.00 , 282.42 , 3.09 , 250.17
2024-11-11 03:37:09.514 , 1143.00 , 253.68 , 0.78 , 227.27 , 1117.00 , 275.71 , 2.09 , 252.76
2024-11-11 03:37:09.514 , 798.00 , 176.61 , 0.80 , 226.63 , 1258.00 , 276.71 , 4.20 , 225.24
2024-11-11 03:37:09.514 , 1090.00 , 241.50 , 0.76 , 226.87 , 1148.00 , 284.13 , 2.31 , 253.44
2024-11-11 03:37:09.514 , 1048.00 , 232.77 , 0.81 , 227.43 , 1065.00 , 261.87 , 2.64 , 251.79
2024-11-11 03:37:09.514 , 909.00 , 202.22 , 0.84 , 227.80 , 1174.00 , 289.10 , 3.01 , 252.16
2024-11-11 03:37:09.514 , 863.00 , 194.04 , 0.92 , 230.23 , 989.00 , 241.07 , 3.00 , 249.60
2024-11-11 03:37:09.514 , 717.00 , 170.00 , 0.97 , 242.79 , 1218.00 , 296.09 , 3.67 , 248.93
2024-11-11 03:37:09.514 , 969.00 , 232.03 , 0.90 , 245.20 , 1176.00 , 278.95 , 2.51 , 242.89
2024-11-11 03:37:09.514 , 941.00 , 220.36 , 0.94 , 239.79 , 1119.00 , 270.55 , 2.61 , 247.58
2024-11-11 03:37:09.514 , 801.00 , 187.16 , 0.93 , 239.27 , 1151.00 , 279.09 , 3.44 , 248.30
2024-11-11 03:37:09.514 , 1138.00 , 255.83 , 0.87 , 230.20 , 1025.00 , 252.37 , 2.06 , 252.12
2024-11-11 03:37:09.514 , 989.00 , 220.86 , 0.84 , 228.68 , 1163.00 , 285.05 , 2.77 , 250.98
2024-11-11 03:37:09.514 , 795.00 , 179.25 , 0.86 , 230.88 , 1196.00 , 294.30 , 3.67 , 251.98
2024-11-11 03:37:09.514 , 640.00 , 141.85 , 0.88 , 226.96 , 1175.00 , 283.50 , 4.35 , 247.06
2024-11-11 03:37:09.514 , 621.00 , 138.62 , 0.89 , 228.59 , 1155.00 , 283.33 , 4.40 , 251.19
2024-11-11 03:37:09.514 , 669.00 , 149.63 , 0.88 , 229.03 , 1188.00 , 282.85 , 4.11 , 243.80
2024-11-11 03:37:09.514 , 723.00 , 161.99 , 0.86 , 229.43 , 1271.00 , 283.49 , 3.55 , 228.40
2024-11-11 03:37:09.514 , 710.00 , 158.00 , 0.92 , 227.88 , 1264.00 , 282.62 , 3.50 , 228.96
2024-11-11 03:37:09.514 , 650.00 , 149.04 , 1.01 , 234.79 , 1271.00 , 283.19 , 3.58 , 228.16
2024-11-11 03:37:09.514 , 751.00 , 178.93 , 1.23 , 243.97 , 1148.00 , 279.63 , 3.55 , 249.43
2024-11-11 03:37:09.514 , 664.00 , 161.76 , 0.93 , 249.46 , 1161.00 , 287.16 , 3.80 , 253.27
2024-11-11 03:37:09.514 , 1108.00 , 252.51 , 0.88 , 233.36 , 1001.00 , 245.27 , 2.10 , 250.91
2024-11-11 03:37:09.514 , 932.00 , 208.07 , 0.90 , 228.61 , 1136.00 , 279.67 , 2.79 , 252.10
2024-11-11 03:37:09.514 , 1116.00 , 249.61 , 0.92 , 229.04 , 1155.00 , 275.76 , 2.12 , 244.48
2024-11-11 03:37:09.514 , 791.00 , 178.77 , 0.91 , 231.43 , 1134.00 , 277.64 , 3.61 , 250.71
2024-11-11 03:37:09.514 , 971.00 , 217.81 , 0.89 , 229.70 , 1191.00 , 289.19 , 2.86 , 248.64
2024-11-11 03:37:09.514 , 939.00 , 212.55 , 0.88 , 231.79 , 1117.00 , 264.09 , 2.89 , 242.10
2024-11-11 03:37:09.514 , 960.00 , 214.52 , 0.92 , 228.82 , 1287.00 , 297.98 , 2.69 , 237.09
2024-11-11 03:37:09.514 , 944.00 , 211.64 , 0.93 , 229.57 , 1224.00 , 283.03 , 2.96 , 236.78
2024-11-11 03:37:09.514 , 943.00 , 210.92 , 0.98 , 229.03 , 1039.00 , 246.18 , 2.80 , 242.63
2024-11-11 03:37:09.514 , 954.00 , 213.80 , 1.02 , 229.49 , 1199.00 , 279.89 , 2.64 , 239.04
2024-11-11 03:37:09.514 , 1109.00 , 249.62 , 0.98 , 230.49 , 1147.00 , 276.75 , 2.16 , 247.07
2024-11-11 03:37:09.514 , 764.00 , 171.86 , 1.07 , 230.35 , 1292.00 , 272.77 , 3.86 , 216.19
2024-11-11 03:37:09.514 , 926.00 , 205.86 , 1.06 , 227.65 , 1130.00 , 276.89 , 2.92 , 250.92
2024-11-11 03:37:09.514 , 931.00 , 209.04 , 1.03 , 229.92 , 1055.00 , 257.83 , 3.04 , 250.26
2024-11-11 03:37:09.514 , 863.00 , 193.70 , 1.07 , 229.84 , 1187.00 , 293.64 , 3.12 , 253.32
2024-11-11 03:37:09.514 , 1012.00 , 225.91 , 1.08 , 228.59 , 1031.00 , 252.35 , 2.66 , 250.64
2024-11-11 03:37:09.514 , 962.00 , 216.30 , 1.03 , 230.24 , 1176.00 , 280.11 , 2.80 , 243.90
2024-11-11 03:37:09.514 , 916.00 , 205.36 , 1.08 , 229.58 , 1126.00 , 276.62 , 2.74 , 251.56
2024-11-11 03:37:09.514 , 1006.00 , 226.52 , 1.08 , 230.57 , 1090.00 , 269.60 , 2.50 , 253.28
2024-11-11 03:37:09.514 , 825.00 , 183.50 , 1.06 , 227.76 , 1100.00 , 268.61 , 3.33 , 250.05
2024-11-11 03:37:09.514 , 885.00 , 189.13 , 1.03 , 218.84 , 1099.00 , 267.97 , 2.94 , 249.69
2024-11-11 03:37:09.514 , 932.00 , 206.69 , 1.02 , 227.10 , 1050.00 , 257.16 , 2.98 , 250.79
2024-11-11 03:37:09.514 , 922.00 , 204.68 , 1.04 , 227.32 , 1131.00 , 277.55 , 2.98 , 251.29
2024-11-11 03:37:09.514 , 928.00 , 206.22 , 0.96 , 227.55 , 1058.00 , 257.60 , 3.01 , 249.32
2024-11-11 03:37:09.514 , 933.66 , 208.23 , 1.01 , 228.37 , 1097.03 , 269.76 , 2.86 , 251.81
2024-11-11 03:37:09.514 , 1023.00 , 227.08 , 0.98 , 227.30 , 1081.00 , 266.88 , 2.44 , 252.81
2024-11-11 03:37:09.514 , 887.00 , 197.85 , 0.99 , 228.40 , 1139.00 , 279.61 , 3.09 , 251.37
2024-11-11 03:37:09.514 , 926.00 , 203.85 , 0.99 , 225.42 , 1123.00 , 272.47 , 2.89 , 248.45
2024-11-11 03:37:09.514 , 934.00 , 206.92 , 0.98 , 226.86 , 1127.00 , 276.12 , 2.81 , 250.89
2024-11-11 03:37:09.514 , 971.00 , 208.31 , 1.02 , 219.68 , 1097.00 , 265.36 , 2.69 , 247.70
2024-11-11 03:37:09.514 , 970.00 , 220.09 , 0.97 , 232.34 , 1151.00 , 281.51 , 2.73 , 250.45
2024-11-11 03:37:09.514 , 841.00 , 196.58 , 1.03 , 239.36 , 1054.00 , 259.46 , 3.18 , 252.08
2024-11-11 03:37:09.514 , 944.00 , 215.08 , 1.04 , 233.31 , 1115.00 , 262.02 , 2.92 , 240.63
2024-11-11 03:37:09.514 , 977.00 , 237.98 , 1.27 , 249.42 , 923.00 , 228.75 , 2.06 , 253.79
2024-11-11 03:37:09.514 , 692.00 , 166.23 , 1.11 , 245.98 , 1218.00 , 298.16 , 3.49 , 250.67
2024-11-11 03:37:09.514 , 916.00 , 221.58 , 1.09 , 247.70 , 1129.00 , 279.15 , 2.72 , 253.19
2024-11-11 03:37:09.514 , 846.00 , 203.63 , 1.09 , 246.47 , 1106.00 , 272.38 , 2.87 , 252.18
2024-11-11 03:37:09.514 , 891.00 , 216.53 , 1.08 , 248.85 , 1138.00 , 280.04 , 2.73 , 251.99
2024-11-11 03:37:09.514 , 841.00 , 204.13 , 1.06 , 248.55 , 1157.00 , 282.50 , 2.92 , 250.02
2024-11-11 03:37:09.514 , 877.00 , 212.69 , 1.03 , 248.34 , 1083.00 , 266.89 , 3.00 , 252.35
2024-11-11 03:37:09.514 , 896.00 , 216.63 , 1.10 , 247.58 , 1151.00 , 283.26 , 2.65 , 252.00
2024-11-11 03:37:09.514 , 769.00 , 187.15 , 1.12 , 249.21 , 1162.00 , 286.53 , 3.39 , 252.50
2024-11-11 03:37:09.514 , 595.00 , 142.85 , 1.11 , 245.84 , 1296.00 , 283.58 , 4.36 , 224.06
2024-11-11 03:37:09.514 , 584.00 , 140.22 , 1.14 , 245.86 , 1176.00 , 283.18 , 4.24 , 246.58
2024-11-11 03:37:09.514 , 577.00 , 139.75 , 1.15 , 248.02 , 1145.00 , 283.29 , 4.35 , 253.35
2024-11-11 03:37:09.514 , 588.00 , 143.63 , 1.11 , 250.14 , 1149.00 , 283.34 , 4.43 , 252.52
2024-11-11 03:37:09.514 , 601.00 , 145.49 , 1.10 , 247.89 , 1155.00 , 283.49 , 4.47 , 251.34
2024-11-11 03:37:09.514 , 562.00 , 136.24 , 1.21 , 248.24 , 1196.00 , 283.29 , 4.41 , 242.55
2024-11-11 03:37:09.514 , 897.00 , 217.68 , 1.11 , 248.50 , 1054.00 , 259.31 , 2.70 , 251.93
2024-11-11 03:37:09.514 , 734.00 , 178.24 , 1.12 , 248.66 , 1185.00 , 292.92 , 3.44 , 253.12
2024-11-11 03:37:09.514 , 1026.00 , 248.55 , 1.12 , 248.06 , 1074.00 , 264.62 , 2.23 , 252.30
2024-11-11 03:37:09.514 , 675.00 , 164.15 , 1.16 , 249.03 , 1143.00 , 279.07 , 3.67 , 250.01
2024-11-11 03:37:09.514 , 895.00 , 217.52 , 1.17 , 248.88 , 1136.00 , 279.58 , 2.69 , 252.02
2024-11-11 03:37:09.514 , 890.00 , 214.19 , 1.14 , 246.44 , 1128.00 , 276.62 , 2.68 , 251.12
2024-11-11 03:37:09.514 , 830.00 , 201.64 , 1.18 , 248.77 , 1095.00 , 269.76 , 2.89 , 252.27
2024-11-11 03:37:09.514 , 1016.00 , 247.35 , 1.16 , 249.30 , 1090.00 , 269.09 , 2.12 , 252.80
2024-11-11 03:37:09.514 , 909.00 , 220.16 , 1.14 , 248.01 , 1041.00 , 256.25 , 2.63 , 252.06
2024-11-11 03:37:09.514 , 811.00 , 197.66 , 1.14 , 249.57 , 1149.00 , 282.93 , 3.05 , 252.15
2024-11-11 03:37:09.514 , 845.00 , 205.00 , 1.15 , 248.42 , 1126.00 , 277.67 , 2.91 , 252.52
2024-11-11 03:37:09.514 , 736.00 , 177.87 , 1.15 , 247.48 , 1090.00 , 266.21 , 3.74 , 250.10
2024-11-11 03:37:09.514 , 927.00 , 224.79 , 1.10 , 248.31 , 1108.00 , 274.97 , 2.41 , 254.12
2024-11-11 03:37:09.514 , 773.00 , 186.44 , 1.15 , 246.98 , 1194.00 , 282.13 , 3.07 , 241.96
2024-11-11 03:37:09.514 , 924.00 , 219.17 , 1.10 , 242.89 , 1111.00 , 273.52 , 2.80 , 252.10
2024-11-11 03:37:09.514 , 968.00 , 222.65 , 1.12 , 235.53 , 905.00 , 221.55 , 1.99 , 250.69
2024-11-11 03:37:09.514 , 963.00 , 214.64 , 1.06 , 228.24 , 1143.00 , 281.55 , 2.74 , 252.24
2024-11-11 03:37:09.514 , 886.00 , 194.82 , 1.03 , 225.16 , 1178.00 , 289.52 , 3.14 , 251.67
2024-11-11 03:37:09.514 , 941.00 , 207.16 , 1.04 , 225.43 , 1152.00 , 283.55 , 2.96 , 252.04
2024-11-11 03:37:09.514 , 878.00 , 193.92 , 1.05 , 226.16 , 1132.00 , 276.00 , 3.24 , 249.67
2024-11-11 03:37:09.514 , 1101.00 , 245.59 , 1.04 , 228.42 , 1035.00 , 254.50 , 2.05 , 251.80
2024-11-11 03:37:09.514 , 804.00 , 177.58 , 1.04 , 226.17 , 1192.00 , 291.62 , 3.68 , 250.52
2024-11-11 03:37:09.514 , 953.00 , 209.76 , 1.08 , 225.38 , 1142.00 , 280.86 , 2.77 , 251.84
2024-11-11 03:37:09.514 , 1137.00 , 251.66 , 1.03 , 226.65 , 1004.00 , 247.68 , 2.05 , 252.62
2024-11-11 03:37:09.514 , 936.00 , 206.77 , 1.06 , 226.21 , 1365.00 , 279.12 , 2.45 , 209.39
2024-11-11 03:37:09.514 , 961.00 , 213.80 , 1.05 , 227.82 , 1195.00 , 292.68 , 2.87 , 250.80
2024-11-11 03:37:09.514 , 816.00 , 181.65 , 1.09 , 227.95 , 1152.00 , 283.33 , 3.44 , 251.85
2024-11-11 03:37:09.514 , 858.00 , 181.23 , 1.06 , 216.30 , 1126.00 , 253.79 , 2.47 , 230.80
2024-11-11 03:37:09.514 , 963.00 , 213.67 , 1.03 , 227.21 , 1094.00 , 217.34 , 1.73 , 203.43
2024-11-11 03:37:09.514 , 709.00 , 156.91 , 1.04 , 226.63 , 1303.00 , 276.71 , 3.18 , 217.46
2024-11-11 03:37:09.514 , 925.00 , 204.29 , 1.03 , 226.16 , 1184.00 , 249.82 , 2.08 , 216.06
2024-11-11 03:37:09.514 , 959.00 , 211.86 , 1.04 , 226.22 , 1113.00 , 235.27 , 2.18 , 216.45
2024-11-11 03:37:09.514 , 867.00 , 192.03 , 1.04 , 226.80 , 1226.00 , 254.68 , 2.17 , 212.72
2024-11-11 03:37:09.514 , 946.00 , 215.67 , 1.51 , 233.45 , 1054.00 , 238.18 , 2.14 , 231.40
2024-11-11 03:37:09.514 , 652.00 , 159.33 , 1.16 , 250.24 , 1226.00 , 300.29 , 3.51 , 250.81
2024-11-11 03:37:09.514 , 872.00 , 213.75 , 1.12 , 251.01 , 1113.00 , 277.43 , 2.64 , 255.24
2024-11-11 03:37:09.514 , 988.00 , 238.06 , 1.15 , 246.73 , 973.00 , 239.13 , 2.28 , 251.66
2024-11-11 03:37:09.514 , 774.00 , 187.81 , 1.13 , 248.48 , 1209.00 , 295.78 , 3.59 , 250.52
2024-11-11 03:37:09.514 , 1052.00 , 255.84 , 1.13 , 249.03 , 1061.00 , 263.39 , 1.95 , 254.20
2024-11-11 03:37:09.514 , 871.00 , 212.90 , 1.10 , 250.29 , 1134.00 , 280.40 , 2.71 , 253.20
2024-11-11 03:37:09.514 , 930.00 , 225.57 , 1.09 , 248.37 , 1175.00 , 289.11 , 2.63 , 251.95
2024-11-11 03:37:09.514 , 845.00 , 206.13 , 1.12 , 249.79 , 1101.00 , 271.30 , 2.97 , 252.32
2024-11-11 03:37:09.514 , 719.00 , 175.62 , 1.17 , 250.12 , 1195.00 , 293.85 , 3.55 , 251.80
2024-11-11 03:37:09.514 , 714.00 , 172.43 , 1.18 , 247.29 , 1159.00 , 283.32 , 3.71 , 250.32
2024-11-11 03:37:09.514 , 548.00 , 133.12 , 1.23 , 248.74 , 1201.00 , 283.64 , 4.28 , 241.84
2024-11-11 03:37:09.514 , 634.00 , 152.56 , 1.20 , 246.40 , 1165.00 , 283.17 , 4.27 , 248.90
2024-11-11 03:37:09.514 , 529.00 , 129.14 , 1.23 , 249.98 , 1146.00 , 283.46 , 4.46 , 253.29
2024-11-11 03:37:09.514 , 589.00 , 142.72 , 1.21 , 248.13 , 1156.00 , 283.72 , 4.38 , 251.33
2024-11-11 03:37:09.514 , 595.00 , 143.20 , 1.18 , 246.46 , 1163.00 , 283.04 , 4.23 , 249.21
2024-11-11 03:37:09.514 , 534.00 , 130.28 , 1.23 , 249.82 , 1155.00 , 283.49 , 4.27 , 251.34
2024-11-11 03:37:09.514 , 796.00 , 193.75 , 1.19 , 249.25 , 1076.00 , 262.97 , 3.40 , 250.26
2024-11-11 03:37:09.514 , 874.00 , 213.07 , 1.22 , 249.64 , 1121.00 , 276.07 , 2.75 , 252.18
2024-11-11 03:37:09.514 , 830.00 , 202.80 , 1.24 , 250.21 , 1121.00 , 275.73 , 2.74 , 251.88
2024-11-11 03:37:09.514 , 883.00 , 215.54 , 1.16 , 249.95 , 1116.00 , 275.10 , 2.75 , 252.42
2024-11-11 03:37:09.514 , 953.00 , 233.49 , 1.23 , 250.88 , 1122.00 , 269.37 , 2.28 , 245.84
2024-11-11 03:37:09.514 , 818.00 , 196.54 , 1.19 , 246.03 , 1286.00 , 280.35 , 3.23 , 223.23
2024-11-11 03:37:09.514 , 788.00 , 191.72 , 1.16 , 249.13 , 1160.00 , 286.25 , 3.19 , 252.69
2024-11-11 03:37:09.514 , 903.00 , 220.30 , 1.19 , 249.82 , 1049.00 , 259.39 , 2.73 , 253.20
2024-11-11 03:37:09.514 , 880.00 , 213.26 , 1.20 , 248.16 , 1095.00 , 269.38 , 2.83 , 251.91
2024-11-11 03:37:09.514 , 916.00 , 223.47 , 1.17 , 249.82 , 1097.00 , 272.18 , 2.58 , 254.06
2024-11-11 03:37:09.514 , 803.00 , 194.60 , 1.13 , 248.15 , 1141.00 , 278.81 , 3.05 , 250.22
2024-11-11 03:37:09.514 , 851.00 , 207.02 , 1.20 , 249.11 , 1101.00 , 271.29 , 2.84 , 252.31
2024-11-11 03:37:09.514 , 951.00 , 233.34 , 1.22 , 251.25 , 959.00 , 238.22 , 2.16 , 254.37
2024-11-11 03:37:09.514 , 754.00 , 182.57 , 1.26 , 247.95 , 1195.00 , 292.53 , 3.44 , 250.67
2024-11-11 03:37:09.514 , 790.00 , 191.72 , 1.19 , 248.51 , 1159.00 , 286.65 , 3.16 , 253.26
2024-11-11 03:37:09.514 , 849.00 , 207.54 , 1.14 , 250.31 , 1023.00 , 251.83 , 2.65 , 252.07
2024-11-11 03:37:09.514 , 877.00 , 213.33 , 1.16 , 249.09 , 1121.00 , 275.75 , 2.76 , 251.89
2024-11-11 03:37:09.514 , 1021.00 , 249.50 , 1.19 , 250.24 , 1085.00 , 269.35 , 2.06 , 254.21
2024-11-11 03:37:09.514 , 737.00 , 179.11 , 1.25 , 248.85 , 1102.00 , 269.25 , 3.67 , 250.19
2024-11-11 03:37:09.514 , 785.00 , 192.17 , 1.21 , 250.68 , 1158.00 , 276.64 , 2.82 , 244.63
2024-11-11 03:37:09.514 , 959.00 , 233.90 , 1.19 , 249.75 , 967.00 , 237.91 , 2.11 , 251.93
2024-11-11 03:37:09.514 , 776.00 , 187.00 , 1.19 , 246.76 , 1190.00 , 292.12 , 3.63 , 251.37
2024-11-11 03:37:09.514 , 814.00 , 198.16 , 1.14 , 249.28 , 1161.00 , 284.69 , 3.07 , 251.09
2024-11-11 03:37:09.514 , 895.00 , 217.56 , 1.19 , 248.92 , 1025.00 , 252.16 , 2.73 , 251.91
2024-11-11 03:37:09.514 , 840.00 , 198.03 , 1.18 , 241.41 , 1107.00 , 272.07 , 2.73 , 251.67
2024-11-11 03:37:09.514 , 917.00 , 203.92 , 1.22 , 227.71 , 847.00 , 205.13 , 2.07 , 248.00
2024-11-11 03:37:09.514 , 680.00 , 163.98 , 1.09 , 246.94 , 1217.00 , 299.19 , 3.64 , 251.74
2024-11-11 03:37:09.514 , 1009.00 , 240.39 , 1.03 , 243.97 , 1157.00 , 285.63 , 2.41 , 252.80
2024-11-11 03:37:09.514 , 1032.00 , 230.76 , 1.08 , 228.97 , 1015.00 , 249.72 , 2.33 , 251.93
2024-11-11 03:37:09.514 , 759.00 , 170.52 , 1.16 , 230.05 , 1186.00 , 292.66 , 3.54 , 252.68
2024-11-11 03:37:09.514 , 903.00 , 201.70 , 1.08 , 228.73 , 1106.00 , 271.08 , 3.15 , 250.98
2024-11-11 03:37:09.514 , 910.00 , 204.45 , 1.10 , 230.06 , 1093.00 , 268.20 , 2.97 , 251.26
2024-11-11 03:37:09.514 , 938.00 , 211.24 , 1.09 , 230.61 , 1103.00 , 273.00 , 2.75 , 253.45
2024-11-11 03:37:09.514 , 1065.00 , 239.36 , 1.09 , 230.15 , 971.00 , 238.36 , 2.14 , 251.37
2024-11-11 03:37:09.514 , 753.00 , 168.80 , 1.13 , 229.56 , 1195.00 , 293.88 , 3.71 , 251.83
2024-11-11 03:37:09.514 , 1068.00 , 239.17 , 1.12 , 229.32 , 1054.00 , 258.28 , 2.14 , 250.93
2024-11-11 03:37:09.514 , 939.00 , 210.12 , 1.08 , 229.14 , 1179.00 , 257.90 , 2.60 , 224.00
2024-11-11 03:37:09.514 , 750.00 , 168.81 , 1.13 , 230.48 , 1197.00 , 293.79 , 3.60 , 251.33
2024-11-11 03:37:09.514 , 893.00 , 199.37 , 1.08 , 228.62 , 1118.00 , 263.93 , 2.97 , 241.74
2024-11-11 03:37:09.514 , 938.00 , 211.32 , 1.12 , 230.69 , 1114.00 , 273.91 , 2.74 , 251.78
2024-11-11 03:37:09.514 , 992.00 , 222.72 , 1.13 , 229.90 , 1040.00 , 257.42 , 2.35 , 253.46
2024-11-11 03:37:09.514 , 980.00 , 219.49 , 1.12 , 229.35 , 989.00 , 243.28 , 2.74 , 251.89
2024-11-11 03:37:09.514 , 663.00 , 141.87 , 1.15 , 219.12 , 1184.00 , 287.89 , 3.65 , 248.99
2024-11-11 03:37:09.514 , 843.00 , 191.86 , 1.10 , 233.06 , 1148.00 , 281.32 , 3.32 , 250.93
2024-11-11 03:37:09.514 , 626.00 , 140.66 , 1.14 , 230.09 , 1160.00 , 283.79 , 4.31 , 250.52
2024-11-11 03:37:09.514 , 642.00 , 142.15 , 1.10 , 226.74 , 1164.00 , 282.78 , 4.25 , 248.77
2024-11-11 03:37:09.514 , 614.00 , 137.21 , 1.07 , 228.83 , 1160.00 , 284.06 , 4.33 , 250.76
2024-11-11 03:37:09.514 , 626.00 , 139.47 , 1.09 , 228.14 , 1150.00 , 283.47 , 4.41 , 252.41
2024-11-11 03:37:09.514 , 610.00 , 136.94 , 1.09 , 229.88 , 1156.00 , 283.36 , 4.42 , 251.00
2024-11-11 03:37:09.514 , 636.00 , 141.84 , 1.12 , 228.37 , 1165.00 , 283.11 , 4.22 , 248.84
2024-11-11 03:37:09.514 , 815.00 , 182.36 , 1.11 , 229.12 , 1062.00 , 259.45 , 3.41 , 250.16
2024-11-11 03:37:09.514 , 981.00 , 219.74 , 1.04 , 229.37 , 1148.00 , 282.11 , 2.68 , 251.64
2024-11-11 03:37:09.514 , 1140.00 , 254.83 , 1.38 , 228.90 , 1100.00 , 259.79 , 2.05 , 241.84
2024-11-11 03:37:09.514 , 784.00 , 193.97 , 1.64 , 253.35 , 979.00 , 242.60 , 2.37 , 253.75
2024-11-11 03:37:09.514 , 711.00 , 173.92 , 1.09 , 250.48 , 1099.00 , 268.12 , 3.56 , 249.83
2024-11-11 03:37:09.514 , 941.00 , 231.13 , 1.40 , 251.52 , 936.00 , 233.20 , 2.07 , 255.12
2024-11-11 03:37:09.514 , 708.00 , 172.16 , 1.09 , 248.99 , 1160.00 , 283.63 , 3.75 , 250.38
2024-11-11 03:37:09.514 , 852.00 , 207.59 , 1.16 , 249.50 , 1101.00 , 272.89 , 2.85 , 253.80
2024-11-11 03:37:09.514 , 781.00 , 189.86 , 1.14 , 248.93 , 1034.00 , 252.44 , 3.29 , 250.00
2024-11-11 03:37:09.514 , 871.00 , 213.56 , 1.11 , 251.07 , 1151.00 , 284.40 , 2.70 , 253.02
2024-11-11 03:37:09.514 , 1044.00 , 254.28 , 1.13 , 249.41 , 1067.00 , 264.88 , 2.12 , 254.20
2024-11-11 03:37:09.514 , 712.00 , 173.85 , 1.14 , 250.03 , 1155.00 , 282.97 , 3.13 , 250.87
2024-11-11 03:37:09.514 , 922.00 , 225.52 , 1.10 , 250.47 , 1145.00 , 280.82 , 2.99 , 251.15
2024-11-11 03:37:09.514 , 901.00 , 221.44 , 1.15 , 251.67 , 996.00 , 245.48 , 2.11 , 252.38
2024-11-11 03:37:09.514 , 761.00 , 185.82 , 1.14 , 250.03 , 1195.00 , 292.27 , 3.65 , 250.45
2024-11-11 03:37:09.514 , 839.00 , 205.55 , 1.11 , 250.88 , 1112.00 , 276.13 , 2.65 , 254.28
2024-11-11 03:37:09.514 , 819.00 , 200.14 , 1.12 , 250.23 , 1071.00 , 261.56 , 3.21 , 250.08
2024-11-11 03:37:09.514 , 887.00 , 215.78 , 1.12 , 249.11 , 1277.00 , 279.29 , 2.56 , 223.96
2024-11-11 03:37:09.514 , 1026.00 , 250.57 , 1.08 , 250.08 , 1090.00 , 260.04 , 1.90 , 244.29
2024-11-11 03:37:09.514 , 807.00 , 197.67 , 1.11 , 250.82 , 1222.00 , 301.40 , 3.37 , 252.57
2024-11-11 03:37:09.514 , 861.00 , 211.80 , 1.12 , 251.90 , 1146.00 , 283.37 , 2.59 , 253.20
2024-11-11 03:37:09.514 , 1020.00 , 249.18 , 1.07 , 250.16 , 1051.00 , 257.52 , 2.19 , 250.90
2024-11-11 03:37:09.514 , 753.00 , 184.37 , 1.12 , 250.72 , 1208.00 , 298.62 , 3.64 , 253.14
2024-11-11 03:37:09.514 , 822.00 , 201.70 , 1.15 , 251.27 , 1144.00 , 278.48 , 2.76 , 249.27
2024-11-11 03:37:09.514 , 837.00 , 203.71 , 1.15 , 249.22 , 1042.00 , 257.04 , 3.16 , 252.60
2024-11-11 03:37:09.514 , 831.00 , 203.80 , 1.12 , 251.14 , 1135.00 , 282.48 , 2.66 , 254.85
2024-11-11 03:37:09.514 , 1080.00 , 265.18 , 1.15 , 251.43 , 980.00 , 241.07 , 2.02 , 251.89
2024-11-11 03:37:09.514 , 633.00 , 154.63 , 1.18 , 250.15 , 1185.00 , 291.96 , 3.58 , 252.30
2024-11-11 03:37:09.514 , 1011.88 , 248.78 , 1.12 , 251.76 , 1089.11 , 267.91 , 2.21 , 251.90
2024-11-11 03:37:09.514 , 790.00 , 193.70 , 1.22 , 251.08 , 1029.00 , 252.46 , 2.88 , 251.23
2024-11-11 03:37:09.514 , 775.00 , 189.80 , 1.21 , 250.78 , 1195.00 , 292.31 , 3.51 , 250.48
2024-11-11 03:37:09.514 , 782.00 , 191.71 , 1.16 , 251.04 , 1117.00 , 275.93 , 2.85 , 252.95
2024-11-11 03:37:09.514 , 901.00 , 218.52 , 1.24 , 248.35 , 1078.00 , 264.54 , 2.77 , 251.29
2024-11-11 03:37:09.514 , 881.00 , 215.97 , 1.17 , 251.03 , 1120.00 , 270.10 , 2.27 , 246.95
2024-11-11 03:37:09.514 , 940.00 , 230.92 , 1.14 , 251.55 , 1010.00 , 246.74 , 2.54 , 250.16
2024-11-11 03:37:09.514 , 750.00 , 183.78 , 1.20 , 250.93 , 1150.00 , 283.33 , 3.17 , 252.29
2024-11-11 03:37:09.514 , 912.00 , 223.48 , 1.16 , 250.93 , 1017.00 , 251.13 , 2.67 , 252.86
2024-11-11 03:37:09.514 , 854.00 , 209.58 , 1.19 , 251.30 , 1098.00 , 270.33 , 2.76 , 252.11
2024-11-11 03:37:09.514 , 751.00 , 184.49 , 1.18 , 251.55 , 1219.00 , 301.62 , 3.11 , 253.37
2024-11-11 03:37:09.514 , 836.00 , 203.69 , 1.19 , 249.50 , 1115.00 , 270.91 , 3.07 , 248.80
2024-11-11 03:37:09.514 , 795.00 , 193.71 , 1.15 , 249.51 , 1113.00 , 274.30 , 2.85 , 252.37
2024-11-11 03:37:09.514 , 1070.00 , 262.22 , 1.15 , 250.95 , 939.00 , 232.75 , 2.13 , 253.81
2024-11-11 03:37:09.514 , 710.00 , 173.85 , 1.21 , 250.74 , 1118.00 , 275.30 , 2.89 , 252.16
2024-11-11 03:37:09.514 , 780.00 , 191.07 , 1.18 , 250.85 , 1206.00 , 296.10 , 3.71 , 251.41
2024-11-11 03:37:09.514 , 540.00 , 131.63 , 1.20 , 249.61 , 1160.00 , 283.47 , 4.39 , 250.23
2024-11-11 03:37:09.514 , 524.00 , 127.53 , 1.18 , 249.21 , 1163.00 , 283.03 , 4.31 , 249.20
2024-11-11 03:37:09.514 , 681.00 , 166.65 , 1.22 , 250.59 , 1181.00 , 283.38 , 4.35 , 245.70
2024-11-11 03:37:09.514 , 501.00 , 122.40 , 1.26 , 250.17 , 1154.00 , 283.28 , 4.37 , 251.37
2024-11-11 03:37:09.514 , 552.00 , 134.14 , 1.27 , 248.84 , 1214.00 , 283.73 , 4.50 , 239.32
2024-11-11 03:37:09.514 , 656.00 , 158.82 , 1.27 , 247.92 , 1156.00 , 283.48 , 4.27 , 251.11
2024-11-11 03:37:09.514 , 696.00 , 169.96 , 1.19 , 250.05 , 1165.00 , 283.05 , 3.07 , 248.79
2024-11-11 03:37:09.514 , 872.00 , 213.59 , 1.20 , 250.82 , 1044.00 , 256.07 , 3.52 , 251.16
2024-11-11 03:37:09.514 , 708.00 , 173.84 , 1.24 , 251.43 , 1114.00 , 274.31 , 2.80 , 252.15
2024-11-11 03:37:09.514 , 1041.00 , 255.17 , 1.20 , 251.00 , 913.00 , 227.20 , 2.14 , 254.82
2024-11-11 03:37:09.514 , 661.00 , 161.94 , 1.19 , 250.87 , 1221.00 , 299.73 , 3.28 , 251.37
2024-11-11 03:37:09.514 , 913.00 , 224.27 , 1.22 , 251.53 , 1067.00 , 263.64 , 2.95 , 253.01
2024-11-11 03:37:09.514 , 840.00 , 205.60 , 1.21 , 250.64 , 1064.00 , 261.79 , 2.38 , 251.95
2024-11-11 03:37:09.514 , 779.00 , 189.78 , 1.21 , 249.46 , 1122.00 , 274.25 , 3.55 , 250.30
2024-11-11 03:37:09.514 , 765.00 , 187.68 , 1.20 , 251.22 , 1103.00 , 274.71 , 2.77 , 255.04
2024-11-11 03:37:09.514 , 876.00 , 213.45 , 1.21 , 249.51 , 1059.00 , 255.77 , 3.01 , 247.32
2024-11-11 03:37:09.514 , 924.00 , 226.15 , 1.37 , 250.63 , 1076.00 , 264.96 , 2.51 , 252.16
2024-11-11 03:37:09.514 , 736.00 , 180.82 , 1.23 , 251.57 , 1014.00 , 250.20 , 2.08 , 252.67
2024-11-11 03:37:09.514 , 789.00 , 184.25 , 1.19 , 239.13 , 1133.00 , 279.63 , 3.61 , 252.73
2024-11-11 03:37:09.514 , 769.00 , 170.23 , 1.40 , 226.67 , 979.00 , 209.59 , 2.16 , 219.22
2024-11-11 03:37:09.514 , 754.00 , 180.72 , 1.02 , 245.43 , 1246.00 , 258.37 , 2.22 , 212.33
2024-11-11 03:37:09.514 , 677.00 , 162.90 , 1.02 , 246.39 , 1229.00 , 256.11 , 2.38 , 213.39
2024-11-11 03:37:09.514 , 866.00 , 208.50 , 0.94 , 246.54 , 1249.00 , 257.56 , 2.09 , 211.16
2024-11-11 03:37:09.514 , 781.00 , 188.65 , 0.99 , 247.34 , 1243.00 , 256.69 , 2.15 , 211.46
2024-11-11 03:37:09.514 , 763.00 , 184.63 , 1.02 , 247.79 , 1208.00 , 241.73 , 2.08 , 204.91
2024-11-11 03:37:09.514 , 881.00 , 212.22 , 1.00 , 246.66 , 1082.00 , 214.70 , 1.93 , 203.19
2024-11-11 03:37:09.514 , 616.00 , 149.19 , 0.98 , 248.01 , 1297.00 , 278.34 , 2.72 , 219.75
2024-11-11 03:37:09.514 , 890.00 , 196.99 , 0.99 , 226.65 , 1081.00 , 212.79 , 1.82 , 201.57
2024-11-11 03:37:09.514 , 866.00 , 195.31 , 1.11 , 230.94 , 1231.00 , 299.85 , 3.10 , 249.43
2024-11-11 03:37:09.514 , 927.00 , 209.89 , 1.10 , 231.86 , 1141.00 , 281.46 , 2.78 , 252.60
2024-11-11 03:37:09.514 , 926.00 , 208.42 , 1.08 , 230.48 , 1138.00 , 278.20 , 2.84 , 250.33
2024-11-11 03:37:09.514 , 903.00 , 203.68 , 1.09 , 230.98 , 1117.00 , 272.61 , 2.71 , 249.91
2024-11-11 03:37:09.514 , 1086.00 , 246.88 , 1.09 , 232.78 , 1025.00 , 253.96 , 1.99 , 253.71
2024-11-11 03:37:09.514 , 984.00 , 221.68 , 1.11 , 230.69 , 1112.00 , 272.91 , 2.60 , 251.32
2024-11-11 03:37:09.514 , 844.00 , 191.54 , 1.13 , 232.39 , 1322.00 , 285.02 , 3.49 , 220.77
2024-11-11 03:37:09.514 , 964.00 , 217.73 , 1.11 , 231.28 , 1025.00 , 252.07 , 2.69 , 251.83
2024-11-11 03:37:09.514 , 797.00 , 179.40 , 1.12 , 230.50 , 1206.00 , 295.83 , 3.42 , 251.18
2024-11-11 03:37:09.514 , 979.00 , 219.12 , 1.11 , 229.19 , 1073.00 , 264.11 , 2.34 , 252.05
2024-11-11 03:37:09.514 , 920.00 , 218.97 , 2.10 , 243.72 , 984.00 , 237.96 , 2.60 , 247.64
2024-11-11 03:37:09.514 , 728.00 , 178.91 , 1.20 , 251.66 , 1150.00 , 283.36 , 2.70 , 252.31
2024-11-11 03:37:09.514 , 1020.00 , 245.27 , 1.23 , 246.23 , 992.00 , 209.56 , 1.82 , 216.32
2024-11-11 03:37:09.514 , 835.00 , 187.75 , 1.23 , 230.25 , 1108.00 , 271.36 , 2.70 , 250.78
2024-11-11 03:37:09.514 , 764.00 , 169.88 , 1.12 , 227.69 , 1169.00 , 288.92 , 3.22 , 253.08
2024-11-11 03:37:09.514 , 1107.00 , 253.25 , 1.13 , 234.26 , 969.00 , 238.09 , 2.65 , 251.60
2024-11-11 03:37:09.514 , 699.00 , 155.09 , 1.16 , 227.20 , 1161.00 , 286.91 , 3.34 , 253.06
2024-11-11 03:37:09.514 , 1021.00 , 233.16 , 1.12 , 233.85 , 981.00 , 241.35 , 2.71 , 251.93
2024-11-11 03:37:09.514 , 754.00 , 170.19 , 1.14 , 231.13 , 1210.00 , 295.52 , 3.65 , 250.10
2024-11-11 03:37:09.514 , 904.00 , 203.57 , 1.10 , 230.59 , 1144.00 , 284.14 , 2.56 , 254.34
2024-11-11 03:37:09.514 , 1152.00 , 260.29 , 1.08 , 231.37 , 983.00 , 241.57 , 2.21 , 251.64
2024-11-11 03:37:09.514 , 655.00 , 146.12 , 1.13 , 228.43 , 1231.00 , 301.09 , 3.71 , 250.46
2024-11-11 03:37:09.514 , 628.00 , 142.15 , 1.14 , 231.78 , 1156.00 , 283.36 , 4.33 , 251.00
2024-11-11 03:37:09.514 , 694.00 , 158.93 , 1.14 , 234.50 , 1159.00 , 283.47 , 4.22 , 250.45
2024-11-11 03:37:09.514 , 599.00 , 134.14 , 1.14 , 229.32 , 1146.00 , 283.42 , 4.40 , 253.25
2024-11-11 03:37:09.514 , 552.00 , 122.39 , 1.14 , 227.05 , 1155.00 , 283.50 , 4.35 , 251.35
2024-11-11 03:37:09.514 , 714.00 , 163.91 , 1.11 , 235.08 , 1182.00 , 283.36 , 4.39 , 245.49
2024-11-11 03:37:09.514 , 636.00 , 144.46 , 1.14 , 232.59 , 1145.00 , 283.25 , 4.43 , 253.32
2024-11-11 03:37:09.514 , 942.00 , 213.36 , 1.12 , 231.93 , 1123.00 , 275.00 , 2.51 , 250.76
2024-11-11 03:37:09.514 , 878.00 , 199.96 , 1.17 , 233.21 , 1081.00 , 264.36 , 3.27 , 250.42
2024-11-11 03:37:09.514 , 819.00 , 183.29 , 1.13 , 229.17 , 1118.00 , 275.32 , 2.83 , 252.18
2024-11-11 03:37:09.514 , 1020.00 , 231.92 , 1.13 , 232.83 , 1078.00 , 266.38 , 2.89 , 253.04
2024-11-11 03:37:09.514 , 868.00 , 194.17 , 1.15 , 229.07 , 1109.00 , 273.18 , 2.82 , 252.24
2024-11-11 03:37:09.514 , 779.00 , 175.83 , 1.17 , 231.13 , 1178.00 , 289.79 , 3.37 , 251.91
2024-11-11 03:37:09.514 , 1048.00 , 239.35 , 1.14 , 233.87 , 963.00 , 236.84 , 2.48 , 251.84
2024-11-11 03:37:09.514 , 846.00 , 189.73 , 1.16 , 229.65 , 1115.00 , 274.59 , 2.76 , 252.18
2024-11-11 03:37:09.514 , 1083.00 , 247.42 , 1.16 , 233.94 , 1009.00 , 250.20 , 2.14 , 253.92
2024-11-11 03:37:09.514 , 659.00 , 148.10 , 1.20 , 230.14 , 1284.00 , 272.59 , 3.87 , 217.40
2024-11-11 03:37:09.514 , 972.00 , 221.82 , 1.15 , 233.69 , 1105.00 , 271.47 , 2.76 , 251.57
2024-11-11 03:37:09.514 , 881.00 , 198.37 , 1.14 , 230.56 , 1084.00 , 265.98 , 2.99 , 251.25
2024-11-11 03:37:09.514 , 942.00 , 213.55 , 1.10 , 232.14 , 1114.00 , 275.16 , 2.82 , 252.93
2024-11-11 03:37:09.514 , 923.00 , 208.37 , 1.10 , 231.17 , 1195.00 , 293.40 , 2.89 , 251.42
2024-11-11 03:37:09.514 , 905.00 , 203.98 , 1.13 , 230.80 , 1031.00 , 254.63 , 2.80 , 252.90
2024-11-11 03:37:09.514 , 1000.00 , 228.20 , 1.14 , 233.68 , 1103.00 , 271.39 , 2.77 , 251.95
2024-11-11 03:37:09.514 , 1015.00 , 228.49 , 1.09 , 230.52 , 1014.00 , 249.20 , 2.07 , 251.65
2024-11-11 03:37:09.514 , 792.00 , 179.86 , 1.15 , 232.54 , 1195.00 , 293.34 , 3.69 , 251.37
2024-11-11 03:37:09.514 , 979.00 , 221.44 , 1.08 , 231.61 , 1109.00 , 275.39 , 2.50 , 254.28
2024-11-11 03:37:09.514 , 793.00 , 179.51 , 1.13 , 231.80 , 1080.00 , 264.94 , 3.47 , 251.20
2024-11-11 03:37:09.514 , 1004.00 , 228.95 , 1.13 , 233.51 , 1101.00 , 271.09 , 2.79 , 252.13
2024-11-11 03:37:09.514 , 869.00 , 195.29 , 1.15 , 230.12 , 1106.00 , 270.55 , 2.97 , 250.49
2024-11-11 03:37:09.514 , 969.00 , 219.50 , 1.13 , 231.96 , 1111.00 , 274.18 , 2.82 , 252.71
2024-11-11 03:37:09.514 , 952.00 , 214.94 , 1.13 , 231.20 , 1115.00 , 276.54 , 2.74 , 253.97
2024-11-11 03:37:09.514 , 999.00 , 225.46 , 1.14 , 231.10 , 996.00 , 244.82 , 2.19 , 251.70
2024-11-11 03:37:09.514 , 834.00 , 189.78 , 1.13 , 233.01 , 1187.00 , 291.33 , 3.67 , 251.32
2024-11-11 03:37:09.514 , 953.00 , 214.59 , 1.12 , 230.57 , 1101.00 , 272.00 , 2.26 , 252.97
2024-11-11 03:37:09.514 , 834.00 , 189.79 , 1.18 , 233.03 , 1078.00 , 264.10 , 3.69 , 250.87
2024-11-11 03:37:09.514 , 903.00 , 203.63 , 1.16 , 230.92 , 1145.00 , 273.13 , 2.77 , 244.27
2024-11-11 03:37:09.514 , 824.00 , 185.76 , 1.16 , 230.85 , 1061.00 , 261.30 , 3.14 , 252.19
2024-11-11 03:37:09.514 , 979.00 , 222.58 , 1.14 , 232.81 , 1096.00 , 270.42 , 2.80 , 252.66
2024-11-11 03:37:09.514 , 978.00 , 221.44 , 1.12 , 231.85 , 1098.00 , 271.11 , 2.35 , 252.84
2024-11-11 03:37:09.514 , 1041.00 , 235.40 , 1.11 , 231.55 , 1058.00 , 260.82 , 2.57 , 252.44
2024-11-11 03:37:09.514 , 755.00 , 169.94 , 1.16 , 230.49 , 1162.00 , 285.09 , 3.66 , 251.24
2024-11-11 03:37:09.514 , 957.00 , 216.29 , 1.14 , 231.43 , 1117.00 , 276.10 , 2.43 , 253.11
2024-11-11 03:37:09.514 , 943.00 , 214.19 , 1.11 , 232.59 , 1098.00 , 269.32 , 3.36 , 251.17
2024-11-11 03:37:09.514 , 899.00 , 202.08 , 1.12 , 230.18 , 1144.00 , 282.51 , 2.52 , 252.87
2024-11-11 03:37:09.514 , 903.00 , 205.66 , 1.12 , 233.22 , 1079.00 , 263.58 , 3.39 , 250.15
2024-11-11 03:37:09.514 , 910.00 , 205.61 , 1.15 , 231.37 , 1119.00 , 275.33 , 2.81 , 251.96
2024-11-11 03:37:09.514 , 1075.00 , 244.37 , 1.14 , 232.78 , 968.00 , 239.66 , 2.08 , 253.52
2024-11-11 03:37:09.514 , 932.00 , 211.57 , 1.13 , 232.46 , 1294.00 , 301.99 , 2.73 , 238.98
2024-11-11 03:37:09.514 , 758.00 , 169.94 , 1.21 , 229.57 , 1160.00 , 282.86 , 3.33 , 249.69
2024-11-11 03:37:09.514 , 1025.00 , 233.81 , 1.13 , 233.58 , 1118.00 , 268.85 , 2.68 , 246.25
2024-11-11 03:37:09.514 , 618.00 , 138.22 , 1.15 , 229.03 , 1165.00 , 283.56 , 4.27 , 249.24
2024-11-11 03:37:09.514 , 575.00 , 128.24 , 1.18 , 228.39 , 1158.00 , 283.49 , 4.41 , 250.68
2024-11-11 03:37:09.514 , 676.00 , 153.99 , 1.18 , 233.26 , 1148.00 , 283.68 , 4.43 , 253.04
2024-11-11 03:37:09.514 , 647.00 , 147.05 , 1.25 , 232.74 , 1156.00 , 282.79 , 4.39 , 250.50
2024-11-11 03:37:09.514 , 545.00 , 120.37 , 1.23 , 226.16 , 1172.00 , 283.53 , 4.33 , 247.73
2024-11-11 03:37:09.514 , 632.00 , 144.05 , 1.15 , 233.39 , 1146.00 , 283.59 , 4.40 , 253.40
2024-11-11 03:37:09.514 , 681.00 , 154.84 , 1.20 , 232.83 , 1153.00 , 283.08 , 4.39 , 251.41
2024-11-11 03:37:09.514 , 813.00 , 183.07 , 1.21 , 230.58 , 1150.00 , 283.41 , 3.04 , 252.36
2024-11-11 03:37:09.514 , 981.00 , 223.47 , 1.15 , 233.27 , 1023.00 , 250.98 , 2.83 , 251.23
2024-11-11 03:37:09.514 , 839.00 , 190.82 , 1.23 , 232.89 , 1135.00 , 279.87 , 3.39 , 252.50
2024-11-11 03:37:09.514 , 825.00 , 183.76 , 1.19 , 228.09 , 1002.00 , 247.39 , 2.65 , 252.82
2024-11-11 03:37:09.514 , 1058.00 , 243.31 , 1.20 , 235.49 , 1056.00 , 259.88 , 2.75 , 252.01
2024-11-11 03:37:09.514 , 733.00 , 163.91 , 1.20 , 228.99 , 1155.00 , 285.39 , 3.16 , 253.02
2024-11-11 03:37:09.514 , 745.00 , 167.94 , 1.19 , 230.84 , 1093.00 , 267.23 , 3.67 , 250.36
2024-11-11 03:37:09.514 , 984.00 , 224.89 , 1.16 , 234.04 , 1134.00 , 268.23 , 2.70 , 242.22
2024-11-11 03:37:09.514 , 969.00 , 218.99 , 1.16 , 231.42 , 949.00 , 234.65 , 2.15 , 253.20
2024-11-11 03:37:09.514 , 944.00 , 216.00 , 1.20 , 234.30 , 1095.00 , 268.75 , 2.67 , 251.32
2024-11-11 03:37:09.514 , 657.00 , 145.64 , 1.19 , 227.00 , 1167.00 , 287.55 , 3.54 , 252.31
2024-11-11 03:37:09.514 , 1083.00 , 238.47 , 1.09 , 225.48 , 962.00 , 236.30 , 2.48 , 251.53
2024-11-11 03:37:09.514 , 755.00 , 157.04 , 1.10 , 213.00 , 1058.00 , 256.99 , 2.79 , 248.73
2024-11-11 03:37:09.514 , 799.00 , 183.30 , 1.50 , 234.92 , 931.00 , 228.43 , 2.99 , 251.24
2024-11-11 03:37:09.514 , 722.00 , 174.31 , 1.14 , 247.22 , 1152.00 , 281.43 , 3.72 , 250.16
2024-11-11 03:37:09.514 , 824.00 , 199.02 , 1.12 , 247.33 , 1110.00 , 273.25 , 2.71 , 252.08
2024-11-11 03:37:09.514 , 1046.00 , 253.01 , 1.09 , 247.69 , 969.00 , 238.84 , 2.09 , 252.40
2024-11-11 03:37:09.514 , 871.00 , 211.19 , 1.11 , 248.29 , 1145.00 , 280.82 , 2.64 , 251.14
2024-11-11 03:37:09.514 , 831.00 , 200.27 , 1.12 , 246.79 , 1227.00 , 292.81 , 2.73 , 244.37
2024-11-11 03:37:09.514 , 835.00 , 202.28 , 1.16 , 248.07 , 992.00 , 243.92 , 2.85 , 251.79
2024-11-11 03:37:09.514 , 875.00 , 210.55 , 1.16 , 246.40 , 1111.00 , 272.27 , 2.80 , 250.95
2024-11-11 03:37:09.514 , 894.00 , 215.98 , 1.13 , 247.38 , 1246.00 , 270.03 , 2.90 , 221.92
2024-11-11 03:37:09.514 , 670.00 , 161.86 , 1.19 , 247.38 , 1207.00 , 294.99 , 3.78 , 250.26
2024-11-11 03:37:09.514 , 954.00 , 232.14 , 1.13 , 249.17 , 1079.00 , 266.79 , 2.35 , 253.19
2024-11-11 03:37:09.514 , 914.00 , 219.67 , 1.11 , 246.11 , 1025.00 , 252.04 , 2.50 , 251.80
2024-11-11 03:37:09.514 , 903.00 , 219.07 , 1.12 , 248.43 , 1113.00 , 273.75 , 2.72 , 251.86
2024-11-11 03:37:09.514 , 865.00 , 209.90 , 1.15 , 248.49 , 1063.00 , 260.56 , 2.94 , 251.00
2024-11-11 03:37:09.514 , 751.00 , 169.06 , 1.17 , 230.52 , 1056.00 , 255.95 , 2.87 , 248.19
2024-11-11 03:37:09.514 , 897.00 , 211.51 , 1.12 , 241.46 , 1106.00 , 274.17 , 2.69 , 253.84
2024-11-11 03:37:09.514 , 879.00 , 197.73 , 1.12 , 230.35 , 1087.00 , 265.17 , 3.12 , 249.80
2024-11-11 03:37:09.514 , 768.00 , 173.00 , 1.12 , 230.66 , 1215.00 , 297.35 , 3.58 , 250.60
2024-11-11 03:37:09.514 , 1084.00 , 245.26 , 1.11 , 231.68 , 1017.00 , 252.44 , 2.04 , 254.18
2024-11-11 03:37:09.514 , 970.00 , 218.95 , 1.13 , 231.14 , 1101.00 , 269.31 , 2.66 , 250.48
2024-11-11 03:37:09.514 , 930.00 , 209.20 , 1.09 , 230.34 , 1139.00 , 280.80 , 2.72 , 252.45
2024-11-11 03:37:09.514 , 926.00 , 208.50 , 1.06 , 230.57 , 1087.00 , 268.80 , 3.04 , 253.23
2024-11-11 03:37:09.514 , 961.00 , 218.02 , 1.09 , 232.31 , 1131.00 , 278.50 , 2.69 , 252.16
2024-11-11 03:37:09.514 , 1042.00 , 236.25 , 1.10 , 232.17 , 1122.00 , 269.37 , 2.17 , 245.84
2024-11-11 03:37:09.514 , 780.00 , 175.89 , 1.08 , 230.92 , 1151.00 , 280.12 , 3.55 , 249.22
2024-11-11 03:37:09.514 , 748.00 , 167.95 , 1.11 , 229.92 , 1163.00 , 284.54 , 3.83 , 250.53
2024-11-11 03:37:09.514 , 1095.00 , 247.62 , 1.06 , 231.56 , 1024.00 , 253.18 , 2.01 , 253.18
2024-11-11 03:37:09.514 , 947.00 , 212.79 , 1.07 , 230.09 , 1133.00 , 280.13 , 2.80 , 253.18
2024-11-11 03:37:09.514 , 1010.89 , 227.78 , 1.11 , 230.73 , 1086.14 , 268.40 , 2.38 , 253.04
2024-11-11 03:37:09.514 , 927.00 , 213.94 , 2.51 , 236.33 , 639.00 , 151.49 , 4.02 , 242.76
2024-11-11 03:37:09.514 , 526.00 , 129.43 , 1.29 , 251.96 , 1204.00 , 296.23 , 3.75 , 251.94
2024-11-11 03:37:09.514 , 450.00 , 110.38 , 1.18 , 251.18 , 1155.00 , 283.37 , 4.48 , 251.23
2024-11-11 03:37:09.514 , 476.00 , 116.35 , 1.21 , 250.30 , 1162.00 , 283.36 , 4.33 , 249.71
2024-11-11 03:37:09.514 , 482.00 , 118.32 , 1.18 , 251.37 , 1146.00 , 283.50 , 4.49 , 253.32
2024-11-11 03:37:09.514 , 950.00 , 225.19 , 1.11 , 242.73 , 1153.00 , 283.23 , 4.15 , 251.55
2024-11-11 03:37:09.514 , 558.00 , 124.27 , 1.15 , 228.06 , 1151.00 , 283.38 , 4.43 , 252.11
2024-11-11 03:37:09.514 , 535.00 , 118.35 , 1.16 , 226.52 , 1154.00 , 283.48 , 4.46 , 251.55
2024-11-11 03:37:09.514 , 567.00 , 124.27 , 1.18 , 224.43 , 1137.00 , 278.25 , 4.12 , 250.60
2024-11-11 03:37:09.514 , 1220.00 , 275.92 , 1.15 , 231.59 , 897.00 , 221.76 , 2.17 , 253.16
2024-11-11 03:37:09.514 , 937.00 , 209.58 , 1.12 , 229.04 , 1340.00 , 275.65 , 3.15 , 210.64
2024-11-11 03:37:09.514 , 788.00 , 174.12 , 1.05 , 226.27 , 1154.00 , 282.75 , 2.83 , 250.89
2024-11-11 03:37:09.514 , 962.00 , 219.51 , 1.12 , 233.66 , 1025.00 , 253.37 , 3.28 , 253.12
2024-11-11 03:37:09.514 , 1012.00 , 229.45 , 1.11 , 232.17 , 1094.00 , 269.32 , 2.78 , 252.08
2024-11-11 03:37:09.514 , 809.00 , 179.80 , 1.10 , 227.59 , 1149.00 , 284.19 , 2.80 , 253.27
2024-11-11 03:37:09.514 , 728.00 , 162.84 , 1.14 , 229.05 , 1192.00 , 291.54 , 3.65 , 250.45
2024-11-11 03:37:09.514 , 1102.00 , 249.27 , 1.09 , 231.63 , 1083.00 , 266.06 , 2.79 , 251.57
2024-11-11 03:37:09.514 , 974.00 , 216.57 , 1.12 , 227.69 , 1018.00 , 252.39 , 2.07 , 253.87
2024-11-11 03:37:09.514 , 884.00 , 198.56 , 1.15 , 230.01 , 1110.00 , 272.38 , 2.80 , 251.28
2024-11-11 03:37:09.514 , 1004.00 , 229.44 , 1.12 , 234.01 , 1113.00 , 274.70 , 3.02 , 252.74
2024-11-11 03:37:09.514 , 871.00 , 194.80 , 1.13 , 229.01 , 1040.00 , 256.05 , 2.92 , 252.12
2024-11-11 03:37:09.514 , 887.00 , 199.17 , 1.13 , 229.94 , 1132.00 , 278.05 , 2.75 , 251.52
2024-11-11 03:37:09.514 , 959.00 , 217.52 , 1.12 , 232.27 , 1061.00 , 261.31 , 3.06 , 252.20
2024-11-11 03:37:09.514 , 795.00 , 179.86 , 1.10 , 231.67 , 1189.00 , 291.82 , 3.71 , 251.32
2024-11-11 03:37:09.514 , 889.00 , 198.71 , 1.10 , 228.88 , 1105.00 , 274.38 , 2.47 , 254.27
2024-11-11 03:37:09.514 , 1068.00 , 243.32 , 1.10 , 233.30 , 990.00 , 243.32 , 2.51 , 251.68
2024-11-11 03:37:09.514 , 919.00 , 206.99 , 1.14 , 230.64 , 1104.00 , 269.75 , 2.92 , 250.21
2024-11-11 03:37:09.514 , 889.00 , 198.76 , 1.12 , 228.95 , 1149.00 , 284.16 , 2.77 , 253.25
2024-11-11 03:37:09.514 , 947.00 , 213.56 , 1.16 , 230.93 , 1096.00 , 260.46 , 2.98 , 243.35
2024-11-11 03:37:09.514 , 985.00 , 222.36 , 1.12 , 231.16 , 1096.00 , 271.44 , 2.77 , 253.61
2024-11-11 03:37:09.514 , 799.00 , 177.87 , 1.12 , 227.96 , 1084.00 , 266.07 , 3.25 , 251.34
2024-11-11 03:37:09.514 , 811.00 , 182.88 , 1.10 , 230.91 , 1184.00 , 290.02 , 3.53 , 250.83
2024-11-11 03:37:09.514 , 1103.00 , 250.27 , 1.13 , 232.34 , 1028.00 , 252.80 , 2.40 , 251.82
2024-11-11 03:37:09.514 , 854.00 , 190.73 , 1.12 , 228.69 , 1079.00 , 266.63 , 2.83 , 253.04
2024-11-11 03:37:09.514 , 965.00 , 217.53 , 1.12 , 230.83 , 1140.00 , 280.37 , 2.72 , 251.84
2024-11-11 03:37:09.514 , 1027.00 , 233.07 , 1.10 , 232.39 , 1124.00 , 276.66 , 2.67 , 252.05
2024-11-11 03:37:09.514 , 854.00 , 191.71 , 1.14 , 229.87 , 1125.00 , 274.81 , 2.79 , 250.14
2024-11-11 03:37:09.514 , 1008.00 , 229.56 , 1.15 , 233.20 , 1042.00 , 258.43 , 2.41 , 253.97
2024-11-11 03:37:09.514 , 831.00 , 187.80 , 1.15 , 231.41 , 1075.00 , 263.09 , 3.67 , 250.61
2024-11-11 03:37:09.514 , 707.00 , 157.66 , 1.16 , 228.35 , 1173.00 , 288.86 , 3.53 , 252.17
2024-11-11 03:37:09.514 , 1036.00 , 233.40 , 1.11 , 230.70 , 1003.00 , 246.82 , 2.37 , 251.98
2024-11-11 03:37:09.514 , 993.00 , 223.56 , 1.14 , 230.54 , 1174.00 , 270.11 , 2.67 , 235.60
2024-11-11 03:37:09.514 , 920.00 , 205.55 , 1.11 , 228.79 , 1109.00 , 275.43 , 2.63 , 254.32
2024-11-11 03:37:09.514 , 854.00 , 191.77 , 1.10 , 229.95 , 1096.00 , 268.82 , 3.28 , 251.16
2024-11-11 03:37:09.514 , 1025.00 , 232.50 , 1.13 , 232.28 , 1150.00 , 274.50 , 2.69 , 244.42
2024-11-11 03:37:09.514 , 985.00 , 221.46 , 1.13 , 230.23 , 1077.00 , 267.16 , 2.35 , 254.02
2024-11-11 03:37:09.514 , 739.00 , 164.89 , 1.14 , 228.48 , 1096.00 , 265.71 , 3.60 , 248.25
2024-11-11 03:37:09.514 , 765.00 , 171.86 , 1.13 , 230.05 , 1182.00 , 292.66 , 3.47 , 253.54
2024-11-11 03:37:09.514 , 1116.00 , 253.25 , 1.12 , 232.37 , 980.00 , 240.86 , 2.27 , 251.68
2024-11-11 03:37:09.514 , 924.00 , 207.59 , 1.14 , 230.06 , 1141.00 , 281.90 , 2.69 , 253.00
2024-11-11 03:37:09.514 , 1064.00 , 240.10 , 1.10 , 231.07 , 1101.00 , 273.37 , 2.07 , 254.25
2024-11-11 03:37:09.514 , 696.00 , 158.03 , 1.16 , 232.51 , 1155.00 , 283.37 , 4.28 , 251.23
2024-11-11 03:37:09.514 , 603.00 , 135.11 , 1.18 , 229.44 , 1163.00 , 283.30 , 4.30 , 249.44
2024-11-11 03:37:09.514 , 598.00 , 132.03 , 1.16 , 226.09 , 1170.00 , 283.30 , 4.25 , 247.95
2024-11-11 03:37:09.514 , 615.00 , 138.49 , 1.19 , 230.60 , 1144.00 , 283.00 , 4.35 , 253.31
2024-11-11 03:37:09.514 , 673.00 , 152.06 , 1.16 , 231.37 , 1149.00 , 283.88 , 4.35 , 253.00
2024-11-11 03:37:09.514 , 618.00 , 138.22 , 1.13 , 229.02 , 1155.00 , 283.15 , 4.26 , 251.04
2024-11-11 03:37:09.514 , 646.00 , 144.64 , 1.18 , 229.27 , 1199.00 , 283.62 , 4.37 , 242.22
2024-11-11 03:37:09.514 , 639.00 , 142.12 , 1.13 , 227.74 , 1154.00 , 283.45 , 3.97 , 251.52
2024-11-11 03:37:09.514 , 1041.00 , 235.38 , 1.12 , 231.54 , 1110.00 , 273.33 , 2.32 , 252.15
2024-11-11 03:37:09.514 , 1037.00 , 235.38 , 1.13 , 232.43 , 987.00 , 242.56 , 2.58 , 251.66
2024-11-11 03:37:09.514 , 837.00 , 186.47 , 1.16 , 228.13 , 1133.00 , 279.91 , 2.77 , 252.98
2024-11-11 03:37:09.514 , 967.00 , 218.77 , 1.14 , 231.66 , 1109.00 , 271.48 , 2.68 , 250.67
2024-11-11 03:37:09.514 , 969.00 , 220.26 , 1.15 , 232.77 , 1058.00 , 261.38 , 2.98 , 252.98
2024-11-11 03:37:09.514 , 877.00 , 196.16 , 1.12 , 229.03 , 1123.00 , 277.86 , 2.68 , 253.36
2024-11-11 03:37:09.514 , 869.00 , 194.84 , 1.06 , 229.59 , 1085.00 , 266.06 , 3.24 , 251.10
2024-11-11 03:37:09.514 , 863.00 , 195.69 , 1.17 , 232.19 , 1164.00 , 286.37 , 3.31 , 251.93
2024-11-11 03:37:09.514 , 1007.00 , 227.74 , 1.19 , 231.58 , 996.00 , 243.44 , 2.55 , 250.28
2024-11-11 03:37:09.514 , 862.00 , 191.72 , 1.11 , 227.75 , 1121.00 , 277.14 , 2.87 , 253.16
2024-11-11 03:37:09.514 , 986.00 , 222.59 , 1.12 , 231.17 , 1123.00 , 276.35 , 2.71 , 251.99
2024-11-11 03:37:09.514 , 1009.00 , 227.46 , 1.12 , 230.84 , 1096.00 , 270.10 , 2.80 , 252.35
2024-11-11 03:37:09.514 , 810.00 , 180.25 , 1.14 , 227.87 , 1117.00 , 275.09 , 2.80 , 252.19
2024-11-11 03:37:09.514 , 970.00 , 219.50 , 1.13 , 231.72 , 1269.00 , 281.84 , 2.62 , 227.43
2024-11-11 03:37:09.514 , 1009.00 , 229.43 , 1.14 , 232.84 , 1050.00 , 258.55 , 2.97 , 252.15
2024-11-11 03:37:09.514 , 753.00 , 167.89 , 1.14 , 228.32 , 1196.00 , 295.44 , 3.31 , 252.95
2024-11-11 03:37:09.514 , 1028.00 , 231.42 , 1.06 , 230.52 , 1060.00 , 260.06 , 2.46 , 251.23
2024-11-11 03:37:09.514 , 1068.00 , 243.07 , 1.14 , 233.06 , 1116.00 , 274.86 , 2.68 , 252.20
2024-11-11 03:37:09.514 , 960.00 , 214.59 , 1.13 , 228.89 , 1138.00 , 283.45 , 2.34 , 255.05
2024-11-11 03:37:09.514 , 802.00 , 179.87 , 1.17 , 229.66 , 1105.00 , 270.00 , 3.40 , 250.21
2024-11-11 03:37:09.514 , 1033.00 , 235.40 , 1.15 , 233.35 , 1093.00 , 268.71 , 2.77 , 251.75
2024-11-11 03:37:09.514 , 868.00 , 193.71 , 1.14 , 228.52 , 1137.00 , 280.12 , 2.76 , 252.28
2024-11-11 03:37:09.514 , 878.00 , 196.77 , 1.13 , 229.49 , 1086.00 , 268.15 , 3.07 , 252.84
2024-11-11 03:37:09.514 , 882.00 , 199.65 , 1.15 , 231.79 , 1165.00 , 287.07 , 3.23 , 252.33
2024-11-11 03:37:09.514 , 1004.00 , 225.45 , 1.13 , 229.94 , 988.00 , 242.15 , 2.46 , 250.97
2024-11-11 03:37:09.514 , 869.00 , 193.69 , 1.13 , 228.24 , 1141.00 , 281.30 , 2.80 , 252.45
2024-11-11 03:37:09.514 , 1152.00 , 262.21 , 1.12 , 233.08 , 954.00 , 236.39 , 2.11 , 253.73
2024-11-11 03:37:09.514 , 762.00 , 171.86 , 1.14 , 230.94 , 1180.00 , 290.95 , 3.72 , 252.49
2024-11-11 03:37:09.514 , 1001.00 , 223.47 , 1.12 , 228.60 , 1142.00 , 272.45 , 2.08 , 244.30
2024-11-11 03:37:09.514 , 837.00 , 189.78 , 1.13 , 232.18 , 1220.00 , 284.06 , 3.32 , 238.43
2024-11-11 03:37:09.514 , 999.00 , 227.43 , 1.18 , 233.12 , 1088.00 , 268.88 , 2.86 , 253.06
2024-11-11 03:37:09.514 , 811.00 , 179.80 , 1.11 , 227.02 , 1133.00 , 279.33 , 2.98 , 252.46
2024-11-11 03:37:09.514 , 921.00 , 206.69 , 1.12 , 229.81 , 1180.00 , 275.34 , 2.70 , 238.94
2024-11-11 03:37:09.514 , 1207.00 , 277.02 , 1.13 , 235.02 , 1071.00 , 258.09 , 2.12 , 246.77
2024-11-11 03:37:09.514 , 863.00 , 191.71 , 1.14 , 227.47 , 1095.00 , 261.29 , 2.55 , 244.35
2024-11-11 03:37:09.514 , 731.00 , 161.93 , 1.11 , 226.83 , 1324.00 , 299.65 , 3.22 , 231.75
2024-11-11 03:37:09.514 , 1230.00 , 281.65 , 1.17 , 234.48 , 938.00 , 227.55 , 2.30 , 248.41
2024-11-11 03:37:09.514 , 721.00 , 159.95 , 1.10 , 227.17 , 1315.00 , 297.09 , 3.16 , 231.35
2024-11-11 03:37:09.514 , 855.00 , 189.72 , 1.13 , 227.22 , 1194.00 , 283.16 , 2.50 , 242.84
2024-11-11 03:37:09.514 , 1000.00 , 229.97 , 1.16 , 235.49 , 1102.00 , 260.88 , 3.53 , 242.41
2024-11-11 03:37:09.514 , 870.00 , 195.18 , 1.20 , 229.73 , 1179.00 , 274.77 , 2.67 , 238.65
2024-11-11 03:37:09.514 , 920.00 , 204.65 , 1.14 , 227.78 , 1044.00 , 258.93 , 2.02 , 253.97
2024-11-11 03:37:09.514 , 1087.00 , 253.29 , 1.19 , 238.61 , 1407.00 , 302.26 , 3.22 , 219.98
2024-11-11 03:37:09.514 , 570.00 , 124.88 , 1.16 , 224.35 , 1268.00 , 282.51 , 3.65 , 228.15
2024-11-11 03:37:09.514 , 618.00 , 137.69 , 1.13 , 228.14 , 1338.00 , 282.48 , 3.80 , 216.19
2024-11-11 03:37:09.514 , 639.00 , 138.54 , 1.14 , 222.02 , 1285.00 , 282.78 , 3.63 , 225.34
2024-11-11 03:37:09.514 , 890.00 , 194.71 , 1.18 , 224.03 , 1282.00 , 282.84 , 3.63 , 225.92
2024-11-11 03:37:09.514 , 605.00 , 132.74 , 1.11 , 224.67 , 1252.00 , 282.63 , 3.80 , 231.16
2024-11-11 03:37:09.514 , 582.00 , 127.01 , 1.11 , 223.46 , 1266.00 , 282.68 , 3.83 , 228.65
2024-11-11 03:37:09.514 , 652.00 , 128.83 , 1.28 , 202.34 , 1411.00 , 282.07 , 2.52 , 204.70
2024-11-11 03:37:09.514 , 947.00 , 232.19 , 1.66 , 251.07 , 1198.00 , 235.68 , 1.69 , 201.45
2024-11-11 03:37:09.514 , 828.00 , 197.51 , 1.15 , 244.26 , 1216.00 , 264.97 , 2.42 , 223.13
2024-11-11 03:37:09.514 , 864.00 , 198.98 , 1.10 , 235.83 , 1198.00 , 249.15 , 1.86 , 212.97
2024-11-11 03:37:09.514 , 910.00 , 208.19 , 1.11 , 234.27 , 1193.00 , 265.17 , 2.47 , 227.61
2024-11-11 03:37:09.514 , 804.00 , 185.45 , 1.13 , 236.19 , 1275.00 , 276.12 , 2.99 , 221.76
2024-11-11 03:37:09.514 , 981.00 , 227.21 , 1.10 , 237.17 , 1041.00 , 227.68 , 1.90 , 223.97
2024-11-11 03:37:09.514 , 723.00 , 165.75 , 1.09 , 234.75 , 1393.00 , 290.76 , 2.90 , 213.74
2024-11-11 03:37:09.514 , 874.00 , 202.03 , 1.06 , 236.71 , 1261.00 , 259.63 , 1.91 , 210.84
2024-11-11 03:37:09.514 , 829.00 , 191.36 , 1.08 , 236.38 , 1229.00 , 268.97 , 3.26 , 224.11
2024-11-11 03:37:09.514 , 907.00 , 210.64 , 1.15 , 237.82 , 1164.00 , 267.97 , 2.59 , 235.74
2024-11-11 03:37:09.514 , 987.00 , 228.91 , 1.14 , 237.49 , 994.00 , 232.91 , 2.03 , 239.94
2024-11-11 03:37:09.514 , 839.00 , 194.25 , 1.14 , 237.08 , 1327.00 , 298.80 , 2.69 , 230.57
2024-11-11 03:37:09.514 , 832.00 , 191.95 , 1.13 , 236.25 , 1304.00 , 262.03 , 2.37 , 205.76
2024-11-11 03:37:09.514 , 940.00 , 217.64 , 1.11 , 237.08 , 1190.00 , 256.62 , 2.04 , 220.82
